0,0.554054054054,0.272727272727,0.199494949495,0.696874458397,0.66915733773
0.621212121212,0.0675675675676,1,1,0.0511390518198,0.155343420108
0.191919191919,0,0.0909090909091,0,0.00709321869317,0.817135107826
0.0909090909091,0.702702702703,0.272727272727,1,0.746849792223,0.43896083176
0.242424242424,0,0.272727272727,0.199494949495,0.0183179913719,0.602042173
0.191919191919,0.693693693694,0.0909090909091,0,0.492748034506,0.325870183742
0.010101010101,0.445945945946,0.454545454545,1,0.325792392007,0.84290158747
0.79797979798,0,1,1,0.0390047215149,0.14202143218
0.00580808080808,1,0,0.199494949495,0.387896539906,0.460978009413
0.0530303030303,0.328828828829,0.727272727273,1,0.173066903028,0.637594064935
0.00580808080808,0.445945945946,0.454545454545,1,0.325792392007,0.853006089292
0.030303030303,0.427927927928,0,1,0.0656062309145,0.633552264206
0.0909090909091,0,0.454545454545,1,0.0206534258952,0.671869598745
0.191919191919,0.702702702703,0.272727272727,0.199494949495,0.904110657811,0.0857287207169
0.010101010101,0.445945945946,0.454545454545,0.199494949495,0.395308976022,0.663839178876
0.040404040404,0,0.727272727273,0.199494949495,0.0367937469654,0.719413938894
0.494949494949,0.121621621622,0.454545454545,1,0.0351285345728,0.354827558699
0.010101010101,0.693693693694,0.0909090909091,0.60101010101,0.461843347368,0.614779163454
0.242424242424,0.18018018018,1,1,0.078900176516,0.383040391416
0.0909090909091,0.328828828829,0.727272727273,1,0.173066903028,0.513946871593
0.0909090909091,0.783783783784,0,1,0.270697305793,0.623447762385
0.0217171717172,0.783783783784,0,0.199494949495,0.289945506183,0.561969846039
0.0151515151515,0.504504504505,0.0909090909091,1,0.235669235587,0.716116680405
0.040404040404,0.554054054054,0.272727272727,0.199494949495,0.696874458397,0.506687584758
0,0.567567567568,0.454545454545,0.199494949495,1,0.302337330816
0.242424242424,0.445945945946,0.454545454545,0,0.428849387538,0.17467492754
0.010101010101,0.572072072072,0,0.199494949495,0.217625987022,0.588906320632
0.0909090909091,0,1,0,0.0501973276685,0.505092137102
0.116161616162,0,0.727272727273,0,0.0400464273627,0.533544286968
0.040404040404,0.572072072072,0,1,0.203068307254,0.752998112054
0.0707070707071,0.554054054054,0.272727272727,1,0.575386354271,0.568192091898
0.494949494949,0,0,0.60101010101,0.000200101298697,0.829180737629
0.0217171717172,0.693693693694,0.0909090909091,0.60101010101,0.461843347368,0.690031111229
0.0530303030303,0.238738738739,0.727272727273,0.199494949495,0.0989923603296,0.59406493472
0.0707070707071,0.189189189189,0.0909090909091,0.199494949495,0.0194138252414,0.713085329859
0.030303030303,0.328828828829,0.727272727273,0.199494949495,0.20595226205,0.609434413806
0.0217171717172,0,0.727272727273,0.199494949495,0.0367937469654,0.673411864812
0.040404040404,0.702702702703,0.272727272727,1,0.746849792223,0.559948945675
0.00252525252525,0.572072072072,0,0.199494949495,0.217625987022,0.483074959449
0.0707070707071,0.378378378378,0.0909090909091,0,0.0932084191897,0.689127024224
0.0909090909091,0.135135135135,1,1,0.066480725994,0.588826548249
0.040404040404,0.328828828829,0.727272727273,0.60101010101,0.185654253847,0.580051586141
0.030303030303,0.301801801802,0.272727272727,0.199494949495,0.0927429871545,0.830829366873
0.308080808081,0.216216216216,0,1,0.00772187946696,0.827452336001
0.0217171717172,0,0.272727272727,1,0.013963616109,0.552423750897
0.040404040404,0,0.454545454545,0,0.0291906560968,0.73409205733
0.040404040404,0.0900900900901,0.727272727273,0,0.0572830994491,0.716010317228
0.242424242424,0.121621621622,0.454545454545,1,0.0351285345728,0.557981226899
0.116161616162,0.427927927928,0,0,0.0726261526812,0.710133751695
0.040404040404,0.554054054054,0.272727272727,1,0.575386354271,0.652750817667
0.0151515151515,0,1,0,0.0501973276685,0.636450660781
0.14898989899,0.0675675675676,1,1,0.0511390518198,0.532134974872
0.393939393939,0,0,0.60101010101,0.000200101298697,0.871726008456
0.040404040404,0.148648648649,0.272727272727,0.199494949495,0.0353503905095,0.760257398889
0.308080808081,0.216216216216,0,0.60101010101,0.00814568119236,0.845161804983
0.0909090909091,0.0900900900901,0.727272727273,0.60101010101,0.0471390944327,0.564575743877
0.0707070707071,0,0.0909090909091,0,0.00709321869317,0.734703645598
0.0530303030303,0.328828828829,0.727272727273,0.60101010101,0.185654253847,0.594144707102
0.0217171717172,0,1,0.60101010101,0.0418910896622,0.646581753397
0.116161616162,0,0.272727272727,0,0.0189661485765,0.761108304305
0.0909090909091,0.148648648649,0.272727272727,0.60101010101,0.0312066663382,0.804876751669
0.0707070707071,0.783783783784,0,0,0.297573420094,0.62397957827
0.191919191919,0.18018018018,0.727272727273,0.199494949495,0.0747678295722,0.419576142739
0.242424242424,0.0900900900901,0.727272727273,0,0.0572830994491,0.395857154253
0.116161616162,0,0.272727272727,1,0.013963616109,0.776850054511
0.191919191919,0.400900900901,0.272727272727,0.199494949495,0.207874323973,0.341425798389
0.0909090909091,1,0,0.199494949495,0.387896539906,0.475337038317
0.242424242424,0.18018018018,0.727272727273,0.199494949495,0.0747678295722,0.379424043396
0.191919191919,0.693693693694,0.0909090909091,1,0.448645763436,0.513069375382
0.14898989899,0.238738738739,0.727272727273,0.199494949495,0.0989923603296,0.400483952456
0.040404040404,0,0.0909090909091,1,0.00585747940144,0.693222006541
0.14898989899,0.18018018018,0.727272727273,1,0.0621497947152,0.551173983567
0.393939393939,0,0.272727272727,0.60101010101,0.015844478678,0.560268035206
0.621212121212,0.18018018018,0.727272727273,1,0.0621497947152,0.289254660037
0.040404040404,0.0900900900901,0.727272727273,0.60101010101,0.0471390944327,0.68130933071
0.116161616162,0.400900900901,0.272727272727,0.199494949495,0.207874323973,0.420400457362
0.010101010101,0.135135135135,1,0.60101010101,0.0710945365209,0.605711702609
0.191919191919,0,0,0,0.000668670690597,0.895232270588
0.010101010101,0.693693693694,0.0909090909091,1,0.448645763436,0.622889355705
0.191919191919,0.18018018018,1,0.199494949495,0.0930119034415,0.331932884835
0.308080808081,0.148648648649,0.272727272727,0,0.036435881445,0.460605738293
0.116161616162,0.189189189189,0.0909090909091,0.199494949495,0.0194138252414,0.810141728933
0.14898989899,0.554054054054,0.272727272727,0.199494949495,0.696874458397,0.257265934533
0.0530303030303,0.243243243243,0.454545454545,1,0.0622525345274,0.81716169862
0.0151515151515,0.328828828829,0.727272727273,0.199494949495,0.20595226205,0.715797590874
0.00580808080808,0.135135135135,1,0,0.0843717610455,0.524849097243
0.0151515151515,0.324324324324,0.454545454545,0.199494949495,0.149818572869,0.77852527455
0.116161616162,0,0,0.199494949495,0.000478912326016,0.756667641662
0.116161616162,0.378378378378,0.0909090909091,0.60101010101,0.0870161045345,0.748849948148
0.14898989899,0.693693693694,0.0909090909091,0,0.492748034506,0.389953997926
0.030303030303,0.324324324324,0.454545454545,1,0.122731117948,0.868003297258
0.0151515151515,0.554054054054,0.272727272727,0.60101010101,0.627861230508,0.808200600952
0.14898989899,0.702702702703,0.272727272727,0.199494949495,0.904110657811,0.156194325525
0.308080808081,0.135135135135,1,1,0.066480725994,0.339138990082
0.14898989899,0.378378378378,0.0909090909091,0.60101010101,0.0870161045345,0.665354854149
0.0530303030303,0.783783783784,0,0,0.297573420094,0.6628021379
0.191919191919,0.135135135135,1,0.60101010101,0.0710945365209,0.407078469434
0.116161616162,0,0.272727272727,0.199494949495,0.0183179913719,0.777275507219
0.00580808080808,0.693693693694,0.0909090909091,0.60101010101,0.461843347368,0.585263381817
0.0909090909091,0.135135135135,1,0,0.0843717610455,0.444278990613
0.0530303030303,0.783783783784,0,1,0.270697305793,0.610950089079
0.0707070707071,0.693693693694,0.0909090909091,0.60101010101,0.461843347368,0.659983513708
0.14898989899,0.148648648649,0.272727272727,0,0.036435881445,0.661366235009
0.0151515151515,0.135135135135,1,0,0.0843717610455,0.642646315845
0.116161616162,0,0.727272727273,0.60101010101,0.0326264064279,0.615842795224
0.010101010101,0,1,0.199494949495,0.0465552358018,0.569814130348
0.040404040404,0,0.272727272727,1,0.013963616109,0.676602760124
0.242424242424,0,0.272727272727,0.60101010101,0.015844478678,0.66423804079
0.0909090909091,0.445945945946,0.454545454545,0.60101010101,0.352403037665,0.428776557556
0.191919191919,0.148648648649,0.272727272727,0,0.036435881445,0.570957534502
0.191919191919,0.887387387387,0.0909090909091,0.199494949495,0.622012301265,0.141037572792
0.116161616162,0.18018018018,0.727272727273,1,0.0621497947152,0.557289866248
0.0909090909091,0,0.272727272727,0,0.0189661485765,0.791687717712
0.030303030303,0,0.272727272727,0.199494949495,0.0183179913719,0.665328263355
0.191919191919,0.554054054054,0.272727272727,0.60101010101,0.627861230508,0.293136916
0.0530303030303,0.378378378378,0.0909090909091,0.199494949495,0.0907007748133,0.73988885048
0.308080808081,0,0.454545454545,0,0.0291906560968,0.434945621826
0.0909090909091,0.328828828829,0.727272727273,0,0.221795913293,0.317201584811
0.010101010101,0.135135135135,1,0,0.0843717610455,0.585476108171
0.494949494949,0.324324324324,0.454545454545,0.199494949495,0.149818572869,0.199111867471
0.0217171717172,0.445945945946,0.454545454545,1,0.325792392007,0.704895365225
0.0530303030303,0.427927927928,0,1,0.0656062309145,0.751881298694
0.191919191919,0.243243243243,0.454545454545,0.60101010101,0.0677841080748,0.434945621826
0.116161616162,0.0900900900901,0.727272727273,0,0.0572830994491,0.479352248252
0.308080808081,0,0,0.199494949495,0.000478912326016,0.889355705055
0.242424242424,0.189189189189,0.0909090909091,0.199494949495,0.0194138252414,0.701917196267
0.00252525252525,0.445945945946,0.454545454545,1,0.325792392007,0.849549286037
0.010101010101,0.324324324324,0.454545454545,0.199494949495,0.149818572869,0.764166245646
0.030303030303,0.445945945946,0.454545454545,0.199494949495,0.395308976022,0.610657590342
0.010101010101,0.693693693694,0.0909090909091,0,0.492748034506,0.540457893477
0.242424242424,0.783783783784,0,0.199494949495,0.289945506183,0.438056744755
0.0151515151515,0.0900900900901,0.727272727273,1,0.0436062929031,0.614406892334
0.14898989899,0.148648648649,0.272727272727,0.60101010101,0.0312066663382,0.724572552982
0.242424242424,0.400900900901,0.272727272727,1,0.170798352812,0.354800967905
0.0217171717172,0.0900900900901,0.727272727273,0,0.0572830994491,0.682771824394
0.191919191919,0,0.727272727273,1,0.030042224339,0.596803786529
0.0151515151515,0.243243243243,0.454545454545,1,0.0622525345274,0.609221687452
0.191919191919,0.378378378378,0.0909090909091,1,0.0843717610455,0.626106841811
0.242424242424,0.427927927928,0,0.199494949495,0.0706341035705,0.576062967001
0.0217171717172,0.18018018018,0.727272727273,1,0.0621497947152,0.682266599303
0.308080808081,0.427927927928,0,1,0.0656062309145,0.634615895977
0.0909090909091,0.378378378378,0.0909090909091,0,0.0932084191897,0.646315845454
0.0707070707071,0,0.272727272727,0.199494949495,0.0183179913719,0.794559523493
0.040404040404,0.783783783784,0,0.199494949495,0.289945506183,0.927859175154
0.393939393939,0,0.272727272727,0,0.0189661485765,0.447071024011
0.0217171717172,0.148648648649,0.272727272727,0,0.036435881445,0.679979790996
0.0530303030303,0.324324324324,0.454545454545,1,0.122731117948,0.774669609381
0.393939393939,0.0900900900901,0.727272727273,1,0.0436062929031,0.335469460473
0.0217171717172,0,0.454545454545,0.199494949495,0.0264121992288,0.559018267876
0.14898989899,0.324324324324,0.454545454545,0.199494949495,0.149818572869,0.224373122025
0.0530303030303,0.445945945946,0.454545454545,1,0.325792392007,0.513175738559
0.010101010101,1,0,1,0.362297777969,0.386816284202
0.494949494949,0.18018018018,1,1,0.078900176516,0.200095726859
0.308080808081,0.238738738739,0.727272727273,1,0.0826317347628,0.360039354376
0.242424242424,0.378378378378,0.0909090909091,1,0.0843717610455,0.472412050948
0.0217171717172,0.0675675675676,1,0.199494949495,0.0606852352443,0.662935091871
0.116161616162,0.216216216216,0,1,0.00772187946696,0.729864121041
0.191919191919,0.554054054054,0.272727272727,0,0.714953907231,0.13367192278
0.14898989899,0.427927927928,0,0,0.0726261526812,0.668918020581
0.308080808081,0.427927927928,0,0.199494949495,0.0706341035705,0.45055441806
0.191919191919,0,0.0909090909091,0.199494949495,0.00674255875019,0.848990879358
0.191919191919,0.243243243243,0.454545454545,1,0.0622525345274,0.479990427314
0.0707070707071,0.427927927928,0,0.60101010101,0.0677068808334,0.789267955434
0.14898989899,0.216216216216,0,0.60101010101,0.00814568119236,0.770441673093
0.030303030303,0,0.0909090909091,1,0.00585747940144,0.733374105885
0.191919191919,0.18018018018,0.727272727273,0.60101010101,0.0669794278006,0.459329380169
0.0909090909091,0.301801801802,0.272727272727,0.60101010101,0.0829713277662,0.698619937778
0.0707070707071,0.783783783784,0,0.199494949495,0.289945506183,0.644401308267
0.393939393939,0,0,0.199494949495,0.000478912326016,0.863828542559
0.0530303030303,0.427927927928,0,0.199494949495,0.0706341035705,0.733480469062
0.0707070707071,0.887387387387,0.0909090909091,0.199494949495,0.622012301265,0.378227457654
0.0707070707071,0.324324324324,0.454545454545,0.199494949495,0.149818572869,0.443481266785
0.0530303030303,1,0,1,0.362297777969,1
0.040404040404,0,0.272727272727,0.199494949495,0.0183179913719,0.728614353711
0.00252525252525,0.238738738739,0.727272727273,0.199494949495,0.0989923603296,0.628367059324
0.010101010101,0.554054054054,0.272727272727,1,0.575386354271,0.958544951738
0.14898989899,0,0.272727272727,0,0.0189661485765,0.707128991943
0.0707070707071,0.18018018018,1,1,0.078900176516,0.618634828622
0.0151515151515,0.445945945946,0.454545454545,0.60101010101,0.352403037665,0.649746057915
0.0530303030303,0,0.272727272727,1,0.013963616109,0.716754859468
0.0530303030303,0,0,0,0.000668670690597,0.653256042758
0.494949494949,0,0,1,0,0.728773898476
0.0530303030303,0.554054054054,0.272727272727,0.60101010101,0.627861230508,0.553992607759
0.0217171717172,0.572072072072,0,1,0.203068307254,0.678012072221
0.030303030303,0.243243243243,0.454545454545,1,0.0622525345274,0.741909750844
0.0707070707071,0.504504504505,0.0909090909091,0.199494949495,0.252490294104,0.615842795224
0.14898989899,0.135135135135,1,0.199494949495,0.0785498958139,0.413274124498
0.040404040404,0,0.454545454545,0.199494949495,0.0264121992288,0.708724439599
0.0909090909091,0.18018018018,1,1,0.078900176516,0.558805541522
0.308080808081,0,1,0.60101010101,0.0418910896622,0.388119233121
0.0217171717172,0.328828828829,0.727272727273,0,0.221795913293,0.606509426437
0.0530303030303,0.887387387387,0.0909090909091,1,0.581231835868,0.481426330204
0.393939393939,0,0.0909090909091,0.60101010101,0.00622727377254,0.711995107294
0.14898989899,0.693693693694,0.0909090909091,0.199494949495,0.480233084226,0.455580078177
0.030303030303,0.567567567568,0.454545454545,1,0.82597323821,0.523147286409
0.0909090909091,0.572072072072,0,0.199494949495,0.217625987022,0.696333129471
0.116161616162,0.427927927928,0,0.60101010101,0.0677068808334,0.818251921185
0.0909090909091,0.328828828829,0.727272727273,0.60101010101,0.185654253847,0.451352141888
0.0217171717172,0.121621621622,0.454545454545,1,0.0351285345728,0.638817241471
0.0707070707071,0.378378378378,0.0909090909091,0.60101010101,0.0870161045345,0.788470231606
0.621212121212,0.216216216216,0,1,0.00772187946696,0.646369027043
0.242424242424,0.148648648649,0.272727272727,0,0.036435881445,0.497301034382
0.116161616162,0,0,0,0.000668670690597,0.78488047438
0.393939393939,0,1,0,0.0501973276685,0.189725317095
0.0151515151515,0.328828828829,0.727272727273,0,0.221795913293,0.659159199085
0.14898989899,0.0900900900901,0.727272727273,0.60101010101,0.0471390944327,0.541441752865
0.0217171717172,0,0.272727272727,0.60101010101,0.015844478678,0.606004201345
0.040404040404,0.216216216216,0,0.199494949495,0.00873621101571,0.520541388571
0.14898989899,0.18018018018,1,0.199494949495,0.0930119034415,0.408514372324
0.040404040404,1,0,0.199494949495,0.387896539906,0.665727125269
0.14898989899,0,0.0909090909091,0,0.00709321869317,0.853830403914
0.0530303030303,0.135135135135,1,0.60101010101,0.0710945365209,0.636822931901
0.0707070707071,0.18018018018,0.727272727273,0.199494949495,0.0747678295722,0.583375435424
0.040404040404,0.148648648649,0.272727272727,0,0.036435881445,0.78793841572
0.0909090909091,0.18018018018,0.727272727273,0.199494949495,0.0747678295722,0.486053128407
0.191919191919,0.238738738739,0.727272727273,0.199494949495,0.0989923603296,0.330284255591
0.0707070707071,0.18018018018,1,0.199494949495,0.0930119034415,0.527375222698
0.0530303030303,0.693693693694,0.0909090909091,1,0.448645763436,0.730316164544
0.242424242424,0.324324324324,0.454545454545,0.199494949495,0.149818572869,0.263461589598
0.0530303030303,0.18018018018,1,0.199494949495,0.0930119034415,0.610604408754
0.040404040404,0.18018018018,1,0.199494949495,0.0930119034415,0.673890499109
0.393939393939,0,0.0909090909091,1,0.00585747940144,0.731512750286
0.79797979798,0,0.454545454545,0.60101010101,0.0228578499198,0.250565054378
0.0707070707071,0.301801801802,0.272727272727,1,0.0755413086618,0.885420267503
0.00580808080808,0.702702702703,0.272727272727,1,0.746849792223,0.809104687957
0.393939393939,0.148648648649,0.272727272727,0.199494949495,0.0353503905095,0.391177174462
0.0217171717172,0.504504504505,0.0909090909091,0.199494949495,0.252490294104,0.791076129444
0.0217171717172,0.238738738739,0.727272727273,0.199494949495,0.0989923603296,0.761321030659
0.0151515151515,0.702702702703,0.272727272727,0.199494949495,0.904110657811,0.31706863084
0.308080808081,0.121621621622,0.454545454545,0.199494949495,0.0439119266063,0.420905682453
0.010101010101,0.783783783784,0,1,0.270697305793,0.372696572447
0.0909090909091,0.216216216216,0,0,0.00913810295901,0.71178238094
0.0217171717172,1,0,0.199494949495,0.387896539906,0.894673863908
0.242424242424,0.18018018018,0.727272727273,0.60101010101,0.0669794278006,0.442843087723
0.0151515151515,0,1,0.199494949495,0.0465552358018,0.626984338022
0.308080808081,0.783783783784,0,1,0.270697305793,0.439705374
0.0151515151515,0.783783783784,0,0.199494949495,0.289945506183,0.37583428617
0.621212121212,0.189189189189,0.0909090909091,1,0.0177070687301,0.370888398436
0.191919191919,0.554054054054,0.272727272727,0.199494949495,0.696874458397,0.200095726859
0.030303030303,0.702702702703,0.272727272727,0.199494949495,0.904110657811,0.414390937857
0.00580808080808,0.783783783784,0,0.60101010101,0.278740660891,0.226846065892
0.040404040404,0.572072072072,0,0.199494949495,0.217625987022,0.733028425559
0.0217171717172,0.328828828829,0.727272727273,1,0.173066903028,0.808041056186
0.0707070707071,0.693693693694,0.0909090909091,0,0.492748034506,0.481426330204
0.030303030303,0.554054054054,0.272727272727,1,0.575386354271,0.636530433164
0.0909090909091,0.243243243243,0.454545454545,1,0.0622525345274,0.737389315819
0.116161616162,0.887387387387,0.0909090909091,0.199494949495,0.622012301265,0.340468529795
0.040404040404,0.693693693694,0.0909090909091,0,0.492748034506,0.562262344776
0.393939393939,0.216216216216,0,0.199494949495,0.00873621101571,0.743638152472
0.040404040404,0.301801801802,0.272727272727,1,0.0755413086618,0.887547531045
0.0151515151515,0.18018018018,0.727272727273,0.60101010101,0.0669794278006,0.636424069987
0.0909090909091,0.18018018018,1,0.199494949495,0.0930119034415,0.467545935597
0.0707070707071,0,0.0909090909091,0.199494949495,0.00674255875019,0.731991384583
0.00252525252525,0.783783783784,0,1,0.270697305793,0.276969713085
0.116161616162,0.328828828829,0.727272727273,0,0.221795913293,0.301247108251
0.0151515151515,0.554054054054,0.272727272727,1,0.575386354271,0.977956231553
0.116161616162,0.216216216216,0,0.199494949495,0.00873621101571,0.740713165102
0.00580808080808,0.445945945946,0.454545454545,0.199494949495,0.395308976022,0.670486877443
0.393939393939,0.121621621622,0.454545454545,0.199494949495,0.0439119266063,0.353099157072
0.79797979798,0,0.727272727273,1,0.030042224339,0.308559576675
0.030303030303,0,1,0.60101010101,0.0418910896622,0.656952163161
0.191919191919,0.378378378378,0.0909090909091,0.199494949495,0.0907007748133,0.414151620709
0.191919191919,0.427927927928,0,0,0.0726261526812,0.621054590901
0.040404040404,0.427927927928,0,0.199494949495,0.0706341035705,0.717791900444
0.0217171717172,0.400900900901,0.272727272727,0.199494949495,0.207874323973,0.758901268381
0.040404040404,0.554054054054,0.272727272727,0,0.714953907231,0.436009253596
0.494949494949,0,0.272727272727,0.199494949495,0.0183179913719,0.430265642035
0.621212121212,0,0,1,0,0.793123620603
0.0909090909091,0.400900900901,0.272727272727,1,0.170798352812,0.55449783285
0.0217171717172,0.18018018018,1,0.199494949495,0.0930119034415,0.736378865637
0.040404040404,0.238738738739,0.727272727273,0.199494949495,0.0989923603296,0.590342223522
0.040404040404,0.427927927928,0,1,0.0656062309145,0.696040630734
0.308080808081,0.0675675675676,1,0.199494949495,0.0606852352443,0.30236392161
0.0217171717172,0,0.272727272727,0,0.0189661485765,0.612465764352
0.14898989899,0,0.727272727273,0,0.0400464273627,0.533544286968
0.00580808080808,0.0675675675676,1,0.199494949495,0.0606852352443,0.491158560906
0.308080808081,0.135135135135,1,0.60101010101,0.0710945365209,0.32704017869
0.030303030303,0.243243243243,0.454545454545,0,0.0836753368151,0.74749381764
1,0.216216216216,0,1,0.00772187946696,0.434174488792
0.0909090909091,0.216216216216,0,1,0.00772187946696,0.665248490972
0.14898989899,0.18018018018,0.727272727273,0.199494949495,0.0747678295722,0.453080543516
0.14898989899,0.427927927928,0,1,0.0656062309145,0.871805780839
0.0909090909091,0.121621621622,0.454545454545,1,0.0351285345728,0.710878293935
0.393939393939,0.135135135135,1,1,0.066480725994,0.299252798681
0.00580808080808,0.567567567568,0.454545454545,1,0.82597323821,0.667535299279
0.030303030303,0.135135135135,1,1,0.066480725994,0.694392001489
0.191919191919,0.445945945946,0.454545454545,0.199494949495,0.395308976022,0.236259207063
0.191919191919,0.554054054054,0.272727272727,1,0.575386354271,0.389236046481
0.0530303030303,0.554054054054,0.272727272727,0,0.714953907231,0.409152551387
0.308080808081,0.148648648649,0.272727272727,0.60101010101,0.0312066663382,0.544021059909
0.00252525252525,0.400900900901,0.272727272727,0.199494949495,0.207874323973,0.823250990507
0.0151515151515,0,0.727272727273,0,0.0400464273627,0.61943255245
0.00580808080808,0.887387387387,0.0909090909091,1,0.581231835868,0.474778631638
0.0530303030303,0,0.727272727273,0.60101010101,0.0326264064279,0.65227218337
0.191919191919,0.328828828829,0.727272727273,1,0.173066903028,0.420879091658
0.116161616162,0,1,1,0.0390047215149,0.59007631558
0.393939393939,0.18018018018,1,1,0.078900176516,0.273486319036
0.116161616162,0.0675675675676,1,1,0.0511390518198,0.561916664451
0.0707070707071,0.243243243243,0.454545454545,0.60101010101,0.0677841080748,0.722923923738
0.0530303030303,0.148648648649,0.272727272727,0.60101010101,0.0312066663382,0.781476852714
0.0909090909091,0,0.272727272727,0.60101010101,0.015844478678,0.775387560826
0.00252525252525,0.427927927928,0,0.199494949495,0.0706341035705,0.360145717553
0,0.328828828829,0.727272727273,0.60101010101,0.185654253847,0.847023160582
0.14898989899,0.243243243243,0.454545454545,0,0.0836753368151,0.396495333316
0.494949494949,0.148648648649,0.272727272727,1,0.028055863842,0.354029834871
0.14898989899,0,0,0.199494949495,0.000478912326016,0.794958385407
0.0530303030303,0.554054054054,0.272727272727,0.199494949495,0.696874458397,0.472917276039
0.191919191919,0,0.454545454545,0,0.0291906560968,0.543170154493
1,0.18018018018,0.727272727273,1,0.0621497947152,0.166405190523
0.242424242424,0.693693693694,0.0909090909091,1,0.448645763436,0.418937963677
0.191919191919,0,1,0.199494949495,0.0465552358018,0.421437498338
0.0707070707071,0.445945945946,0.454545454545,0,0.428849387538,0.365330922435
0.0530303030303,0.121621621622,0.454545454545,0.199494949495,0.0439119266063,0.729890711836
0.191919191919,0,0,0.60101010101,0.000200101298697,0.793549073311
0.191919191919,0.18018018018,1,1,0.078900176516,0.429574281384
0.030303030303,0.887387387387,0.0909090909091,0.199494949495,0.622012301265,0.419975004653
0.242424242424,0.243243243243,0.454545454545,1,0.0622525345274,0.443561039168
0.191919191919,0.0900900900901,0.727272727273,0,0.0572830994491,0.455952349297
0.0530303030303,0.445945945946,0.454545454545,0.60101010101,0.352403037665,0.485414949345
0.191919191919,0.148648648649,0.272727272727,0.60101010101,0.0312066663382,0.634163852474
0.242424242424,0.121621621622,0.454545454545,0.199494949495,0.0439119266063,0.481798601324
0.191919191919,0.216216216216,0,0.199494949495,0.00873621101571,0.840694551546
0.00580808080808,0,0.727272727273,0.199494949495,0.0367937469654,0.46999228867
0.00252525252525,0.702702702703,0.272727272727,1,0.746849792223,0.765229877416
0.0707070707071,0.121621621622,0.454545454545,1,0.0351285345728,0.724971414896
0.191919191919,0.567567567568,0.454545454545,0.199494949495,1,0.0297816895791
0.0217171717172,0.427927927928,0,0.60101010101,0.0677068808334,0.586912011062
0.0530303030303,0.121621621622,0.454545454545,1,0.0351285345728,0.711676017763
0.030303030303,0.18018018018,0.727272727273,0,0.0808472338633,0.730954343606
0.010101010101,0.445945945946,0.454545454545,0,0.428849387538,0.679634110671
0.308080808081,0.243243243243,0.454545454545,0.60101010101,0.0677841080748,0.369798175872
0.308080808081,0.189189189189,0.0909090909091,1,0.0177070687301,0.689446113755
0.14898989899,0.783783783784,0,0,0.297573420094,0.534102693647
0.242424242424,0.0900900900901,0.727272727273,1,0.0436062929031,0.516818677374
0.242424242424,0.216216216216,0,0,0.00913810295901,0.847395431702
0.0530303030303,0.887387387387,0.0909090909091,0.199494949495,0.622012301265,0.405615975749
0.0707070707071,0,0.272727272727,0,0.0189661485765,0.802324035419
0.030303030303,0.148648648649,0.272727272727,0.199494949495,0.0353503905095,0.70760762624
0.0909090909091,0.378378378378,0.0909090909091,0.60101010101,0.0870161045345,0.788736139548
0.010101010101,0.238738738739,0.727272727273,0.199494949495,0.0989923603296,0.740314303188
0.030303030303,0.445945945946,0.454545454545,0.60101010101,0.352403037665,0.616507565081
0.0707070707071,0.702702702703,0.272727272727,1,0.746849792223,0.482569734358
0.0530303030303,0.378378378378,0.0909090909091,0,0.0932084191897,0.711995107294
0.308080808081,0.18018018018,0.727272727273,0.60101010101,0.0669794278006,0.366261600234
0.308080808081,0.572072072072,0,1,0.203068307254,0.585476108171
0.010101010101,0,1,0,0.0501973276685,0.576089557795
0.0217171717172,0.783783783784,0,1,0.270697305793,0.511234610578
0.0530303030303,0.378378378378,0.0909090909091,1,0.0843717610455,0.763315340229
0.030303030303,0.572072072072,0,0.199494949495,0.217625987022,0.713617145744
0.242424242424,0.554054054054,0.272727272727,0.199494949495,0.696874458397,0.139468715931
0.0530303030303,0.301801801802,0.272727272727,0.199494949495,0.0927429871545,0.771531895658
0.010101010101,0.427927927928,0,0.60101010101,0.0677068808334,0.46725343686
0.0151515151515,0.887387387387,0.0909090909091,1,0.581231835868,0.627941606616
0.0217171717172,0.324324324324,0.454545454545,1,0.122731117948,0.836892067966
0.0909090909091,0.324324324324,0.454545454545,1,0.122731117948,0.671763235568
0.308080808081,0.693693693694,0.0909090909091,0.60101010101,0.461843347368,0.25394208525
0.0707070707071,0.445945945946,0.454545454545,0.199494949495,0.395308976022,0.403249395059
0.0707070707071,0,0.272727272727,0.60101010101,0.015844478678,0.762358071636
0.00580808080808,0.243243243243,0.454545454545,0.199494949495,0.0767033373097,0.584119977664
0.14898989899,0,0.727272727273,0.199494949495,0.0367937469654,0.564921424203
0.116161616162,0.324324324324,0.454545454545,0.199494949495,0.149818572869,0.374877017577
0.0217171717172,0.135135135135,1,0.199494949495,0.0785498958139,0.689020661047
0.116161616162,0.693693693694,0.0909090909091,1,0.448645763436,0.644693807004
0.040404040404,0.121621621622,0.454545454545,1,0.0351285345728,0.675246629617
0.0707070707071,0,0.454545454545,0.60101010101,0.0228578499198,0.712713058739
0.191919191919,0.18018018018,0.727272727273,0,0.0808472338633,0.411598904459
0.14898989899,0.0900900900901,0.727272727273,0.199494949495,0.052836154926,0.48520222299
0,0.887387387387,0.0909090909091,0.199494949495,0.622012301265,0.600792405669
0,0.693693693694,0.0909090909091,0.60101010101,0.461843347368,0.520115935863
0.0530303030303,0.702702702703,0.272727272727,0.199494949495,0.904110657811,0.394447842157
0.040404040404,0.18018018018,0.727272727273,0,0.0808472338633,0.704363549339
0.308080808081,0,1,0.199494949495,0.0465552358018,0.341665115537
0.010101010101,1,0,0.199494949495,0.387896539906,0.532773153934
0.494949494949,0,1,0.199494949495,0.0465552358018,0.232908766985
0.0151515151515,0.0900900900901,0.727272727273,0.199494949495,0.052836154926,0.579067726753
0.0530303030303,0.18018018018,0.727272727273,1,0.0621497947152,0.753529927939
0.010101010101,0.572072072072,0,1,0.203068307254,0.576169330178
0.010101010101,0,0.727272727273,0.199494949495,0.0367937469654,0.53673518228
0.191919191919,0,0.454545454545,1,0.0206534258952,0.677453665541
0.116161616162,0.400900900901,0.272727272727,1,0.170798352812,0.538277448347
0.010101010101,0.243243243243,0.454545454545,0,0.0836753368151,0.64884197091
0.79797979798,0.121621621622,0.454545454545,1,0.0351285345728,0.185710107161
0.0151515151515,0.783783783784,0,0.60101010101,0.278740660891,0.431861089691
0.010101010101,0.135135135135,1,1,0.066480725994,0.643071768554
0.242424242424,0.189189189189,0.0909090909091,1,0.0177070687301,0.783045709575
0.0151515151515,0.693693693694,0.0909090909091,1,0.448645763436,0.635652936953
0.191919191919,1,0,1,0.362297777969,0.546095141862
0.0707070707071,0,0.727272727273,1,0.030042224339,0.684819315553
0.00252525252525,0.693693693694,0.0909090909091,1,0.448645763436,0.570505490999
0.040404040404,0,1,0.199494949495,0.0465552358018,0.651979684633
0.00252525252525,0.328828828829,0.727272727273,1,0.173066903028,0.971574440929
0.0530303030303,0,0.454545454545,0.60101010101,0.0228578499198,0.706597176058
0.0909090909091,0.504504504505,0.0909090909091,1,0.235669235587,0.795889063206
0.0909090909091,0.328828828829,0.727272727273,0.199494949495,0.20595226205,0.383678570479
0.0151515151515,1,0,1,0.362297777969,0.387879915973
0.0151515151515,0.693693693694,0.0909090909091,0,0.492748034506,0.540191985535
0.030303030303,0.783783783784,0,0.60101010101,0.278740660891,0.524131145797
0.040404040404,0.693693693694,0.0909090909091,1,0.448645763436,0.757438774696
0.040404040404,0.135135135135,1,1,0.066480725994,0.681362512298
0.0530303030303,0.148648648649,0.272727272727,1,0.028055863842,0.769112133379
0.116161616162,0.445945945946,0.454545454545,0,0.428849387538,0.301778924136
0.00252525252525,0.328828828829,0.727272727273,0.60101010101,0.185654253847,0.877602573989
0.0151515151515,0,0.454545454545,0,0.0291906560968,0.484936315048
0.040404040404,0.189189189189,0.0909090909091,0.199494949495,0.0194138252414,0.592097215944
0.116161616162,0.243243243243,0.454545454545,0,0.0836753368151,0.419363416385
0.242424242424,0.0675675675676,1,1,0.0511390518198,0.432153588428
0.308080808081,0,0.727272727273,0.60101010101,0.0326264064279,0.399659637833
0.040404040404,0.445945945946,0.454545454545,0.60101010101,0.352403037665,0.565985055974
0.040404040404,0.554054054054,0.272727272727,0.60101010101,0.627861230508,0.587762916478
0.0217171717172,0,0.272727272727,0.199494949495,0.0183179913719,0.585555880554
0.040404040404,0.0900900900901,0.727272727273,1,0.0436062929031,0.680086154173
0.308080808081,0.0900900900901,0.727272727273,1,0.0436062929031,0.462839365012
0.191919191919,0,0.0909090909091,0.60101010101,0.00622727377254,0.839365011833
0.030303030303,0.567567567568,0.454545454545,0.199494949495,1,0.350466668439
0.030303030303,0.0675675675676,1,1,0.0511390518198,0.631318637488
0.00580808080808,0.135135135135,1,0.199494949495,0.0785498958139,0.53000771133
0.040404040404,0.400900900901,0.272727272727,1,0.170798352812,0.852314728641
0.0530303030303,0,0.727272727273,0.199494949495,0.0367937469654,0.691759512857
0.030303030303,0.301801801802,0.272727272727,0.60101010101,0.0829713277662,0.86614194166
0.14898989899,0.783783783784,0,1,0.270697305793,0.615736432047
0.14898989899,0.378378378378,0.0909090909091,0.199494949495,0.0907007748133,0.547371499987
0.0707070707071,0.378378378378,0.0909090909091,0.199494949495,0.0907007748133,0.733507059856
0.116161616162,0.238738738739,0.727272727273,0.199494949495,0.0989923603296,0.339591033584
0.14898989899,0.567567567568,0.454545454545,0.199494949495,1,0.076581487489
0.0530303030303,0.0900900900901,0.727272727273,0.60101010101,0.0471390944327,0.674927540086
0.00252525252525,0.554054054054,0.272727272727,1,0.575386354271,0.749541308799
0.308080808081,0.445945945946,0.454545454545,1,0.325792392007,0.230249687558
0.030303030303,0.445945945946,0.454545454545,1,0.325792392007,0.678038663015
0.0909090909091,0.189189189189,0.0909090909091,1,0.0177070687301,0.70380514266
0.308080808081,0,0.727272727273,0.199494949495,0.0367937469654,0.374531337251
0.116161616162,0.783783783784,0,0.199494949495,0.289945506183,0.552397160103
0.0909090909091,0,1,1,0.0390047215149,0.640332916744
0.030303030303,0.427927927928,0,0.199494949495,0.0706341035705,0.681628420241
0.242424242424,0.400900900901,0.272727272727,0.199494949495,0.207874323973,0.25793070439
0.0151515151515,0.0900900900901,0.727272727273,0.60101010101,0.0471390944327,0.566703007419
0.0707070707071,0.135135135135,1,0.60101010101,0.0710945365209,0.559975536469
0.0530303030303,0,0.454545454545,1,0.0206534258952,0.67931502114
0.0217171717172,0,0.454545454545,0.60101010101,0.0228578499198,0.537213816577
0.191919191919,0.400900900901,0.272727272727,1,0.170798352812,0.448400563725
0.0909090909091,0.135135135135,1,0.60101010101,0.0710945365209,0.523546148323
0.0530303030303,0,0.454545454545,0,0.0291906560968,0.746855638578
0.010101010101,0.328828828829,0.727272727273,0.199494949495,0.20595226205,0.762065572899
0.494949494949,0,0.0909090909091,0.199494949495,0.00674255875019,0.601430584732
0.010101010101,0.378378378378,0.0909090909091,0,0.0932084191897,0.443959901082
0.0530303030303,0.328828828829,0.727272727273,0,0.221795913293,0.455473715
0.116161616162,0.135135135135,1,0.199494949495,0.0785498958139,0.446246709389
0.116161616162,0.427927927928,0,0.199494949495,0.0706341035705,0.740659983514
0.0707070707071,0.554054054054,0.272727272727,0.199494949495,0.696874458397,0.385433562901
0.14898989899,0.0675675675676,1,0.199494949495,0.0606852352443,0.418299784615
0.0707070707071,0.328828828829,0.727272727273,0.60101010101,0.185654253847,0.53112452469
0.191919191919,0,0,1,0,0.935384369931
0.0151515151515,0.378378378378,0.0909090909091,0,0.0932084191897,0.520807296514
0.030303030303,0.504504504505,0.0909090909091,1,0.235669235587,0.868216023613
0,0.783783783784,0,0,0.297573420094,0.339458079613
0.116161616162,0.121621621622,0.454545454545,0.199494949495,0.0439119266063,0.590554949876
0.116161616162,0.702702702703,0.272727272727,1,0.746849792223,0.415295024862
0.308080808081,0.554054054054,0.272727272727,0.60101010101,0.627861230508,0.179328316537
0.308080808081,0.427927927928,0,0,0.0726261526812,0.461243917356
0.0909090909091,0.702702702703,0.272727272727,0.199494949495,0.904110657811,0.199803228122
0.14898989899,0.445945945946,0.454545454545,1,0.325792392007,0.358151407983
0.040404040404,0,0.0909090909091,0.60101010101,0.00622727377254,0.590475177494
0.0530303030303,0,0.0909090909091,0.60101010101,0.00622727377254,0.630095460951
0.0217171717172,0.554054054054,0.272727272727,1,0.575386354271,0.850586327014
0.0530303030303,0.243243243243,0.454545454545,0.60101010101,0.0677841080748,0.728507990534
0.0217171717172,0.243243243243,0.454545454545,1,0.0622525345274,0.680485016087
0.0151515151515,0.400900900901,0.272727272727,0.199494949495,0.207874323973,0.80862605366
0.14898989899,0.378378378378,0.0909090909091,0,0.0932084191897,0.497407397559
0.0909090909091,0.0900900900901,0.727272727273,0,0.0572830994491,0.522695242907
0.0530303030303,0.135135135135,1,0,0.0843717610455,0.570585263382
0.00580808080808,0,0.727272727273,0.60101010101,0.0326264064279,0.429707235355
0.393939393939,0.0675675675676,1,0.199494949495,0.0606852352443,0.235886935943
0.030303030303,0.18018018018,1,1,0.078900176516,0.754513787327
0.040404040404,0.328828828829,0.727272727273,0.199494949495,0.20595226205,0.509453027362
0.393939393939,0.216216216216,0,0,0.00913810295901,0.628287286941
0.00580808080808,0.445945945946,0.454545454545,0.60101010101,0.352403037665,0.770468263887
0.010101010101,0.445945945946,0.454545454545,0.60101010101,0.352403037665,0.750525168187
0.0217171717172,0.378378378378,0.0909090909091,0.60101010101,0.0870161045345,0.605525567049
0.0217171717172,0.328828828829,0.727272727273,0.60101010101,0.185654253847,0.732682745234
0.010101010101,0.18018018018,1,0.199494949495,0.0930119034415,0.671497327625
0.242424242424,0.328828828829,0.727272727273,0,0.221795913293,0.203392985348
0,0.554054054054,0.272727272727,0.60101010101,0.627861230508,0.769112133379
0.0707070707071,0.238738738739,0.727272727273,0.199494949495,0.0989923603296,0.523865237855
0.010101010101,0.301801801802,0.272727272727,0.199494949495,0.0927429871545,0.662509639163
0.0707070707071,0,0.727272727273,0.60101010101,0.0326264064279,0.622490493791
0.0217171717172,0.693693693694,0.0909090909091,1,0.448645763436,0.698407211423
0.0217171717172,0.301801801802,0.272727272727,0.60101010101,0.0829713277662,0.788230914457
0.030303030303,0.0900900900901,0.727272727273,0,0.0572830994491,0.716010317228
0.010101010101,0.324324324324,0.454545454545,1,0.122731117948,0.711117611083
0.116161616162,0.243243243243,0.454545454545,0.60101010101,0.0677841080748,0.550349668945
0.0707070707071,1,0,1,0.362297777969,0.756162416571
0.0707070707071,0,1,0,0.0501973276685,0.504826229159
0,0.702702702703,0.272727272727,0.199494949495,0.904110657811,0.535379051772
0.242424242424,0,0,1,0,0.889648203792
0.116161616162,0.243243243243,0.454545454545,0.199494949495,0.0767033373097,0.455154625469
0.14898989899,0.378378378378,0.0909090909091,1,0.0843717610455,0.760124444917
0.0151515151515,0,0.454545454545,0.199494949495,0.0264121992288,0.42898928391
0.393939393939,0.783783783784,0,1,0.270697305793,0.321376339511
0.0909090909091,0.0675675675676,1,1,0.0511390518198,0.61855505624
0.010101010101,0.702702702703,0.272727272727,1,0.746849792223,0.815752386524
0.0707070707071,0.18018018018,0.727272727273,0,0.0808472338633,0.58098226394
0.191919191919,0.887387387387,0.0909090909091,1,0.581231835868,0.257000026591
0.14898989899,0.243243243243,0.454545454545,1,0.0622525345274,0.529981120536
0.040404040404,0.243243243243,0.454545454545,0.199494949495,0.0767033373097,0.721328476082
0.040404040404,0,0,0,0.000668670690597,0.578270002925
0.242424242424,0,1,0.199494949495,0.0465552358018,0.383146754594
0.030303030303,0,0.0909090909091,0,0.00709321869317,0.516127316723
0.040404040404,0.693693693694,0.0909090909091,0.199494949495,0.480233084226,0.651820139868
0.0707070707071,0.121621621622,0.454545454545,0.199494949495,0.0439119266063,0.709149892307
0.393939393939,0.135135135135,1,0.199494949495,0.0785498958139,0.19336825591
0.191919191919,0,0.454545454545,0.60101010101,0.0228578499198,0.634270215651
0.0151515151515,1,0,0.199494949495,0.387896539906,0.701890605472
0.00580808080808,0.427927927928,0,0,0.0726261526812,0.515489137661
0.14898989899,0,0.272727272727,0.60101010101,0.015844478678,0.755178557184
0.010101010101,0.427927927928,0,0.199494949495,0.0706341035705,0.472624777302
0.79797979798,0.216216216216,0,1,0.00772187946696,0.553833062994
0.308080808081,0.445945945946,0.454545454545,0,0.428849387538,0.141170526764
0.242424242424,0.445945945946,0.454545454545,0.199494949495,0.395308976022,0.206211609541
0.242424242424,0.572072072072,0,1,0.203068307254,0.680671151647
0.14898989899,0,1,0.60101010101,0.0418910896622,0.527986810966
0.0151515151515,0.243243243243,0.454545454545,0.60101010101,0.0677841080748,0.691014970617
0.0909090909091,0.554054054054,0.272727272727,0.60101010101,0.627861230508,0.403754620151
0.00580808080808,0.0900900900901,0.727272727273,0.199494949495,0.052836154926,0.445581939533
0.191919191919,0.148648648649,0.272727272727,1,0.028055863842,0.673385274018
0.00252525252525,0.445945945946,0.454545454545,0.199494949495,0.395308976022,0.663573270934
0.040404040404,0,0.272727272727,0.60101010101,0.015844478678,0.702528784535
0.030303030303,0.18018018018,0.727272727273,0.60101010101,0.0669794278006,0.757412183902
0.0707070707071,0.238738738739,0.727272727273,1,0.0826317347628,0.720078708751
0.010101010101,0.243243243243,0.454545454545,0.60101010101,0.0677841080748,0.622942537294
0.0151515151515,0.135135135135,1,1,0.066480725994,0.666737575451
0.308080808081,0.400900900901,0.272727272727,0.199494949495,0.207874323973,0.258728428218
0.0909090909091,0.445945945946,0.454545454545,0.199494949495,0.395308976022,0.386763102614
0.0909090909091,0.783783783784,0,0.199494949495,0.289945506183,0.618608237828
0.14898989899,0.216216216216,0,0,0.00913810295901,0.82133645332
0.0909090909091,0.121621621622,0.454545454545,0.199494949495,0.0439119266063,0.658361475257
0.0707070707071,0,1,0.199494949495,0.0465552358018,0.549605126705
0.191919191919,0.238738738739,0.727272727273,1,0.0826317347628,0.450713962826
0.242424242424,0.135135135135,1,0,0.0843717610455,0.27861834233
0.00580808080808,0.693693693694,0.0909090909091,0.199494949495,0.480233084226,0.56141143936
0.308080808081,0.0900900900901,0.727272727273,0.199494949495,0.052836154926,0.346664184859
0.191919191919,0.0900900900901,0.727272727273,0.60101010101,0.0471390944327,0.501289653522
0.0217171717172,0,1,0,0.0501973276685,0.683782274577
0.116161616162,0.18018018018,1,0.199494949495,0.0930119034415,0.448134655782
0.0151515151515,0.887387387387,0.0909090909091,0.199494949495,0.622012301265,0.666471667509
0.14898989899,0,1,0.199494949495,0.0465552358018,0.450421464089
0.308080808081,0.693693693694,0.0909090909091,0.199494949495,0.480233084226,0.16706996038
0.14898989899,0.554054054054,0.272727272727,0,0.714953907231,0.184194431888
0.00252525252525,0.18018018018,0.727272727273,0,0.0808472338633,0.446964660834
0.242424242424,0.243243243243,0.454545454545,0.199494949495,0.0767033373097,0.363150477305
0.0909090909091,0.324324324324,0.454545454545,0.199494949495,0.149818572869,0.448001701811
0.393939393939,0,0.0909090909091,0.199494949495,0.00674255875019,0.668439386284
0.14898989899,0.0900900900901,0.727272727273,1,0.0436062929031,0.604568298455
0.14898989899,0.554054054054,0.272727272727,0.60101010101,0.627861230508,0.35987980961
0.0707070707071,0.702702702703,0.272727272727,0.199494949495,0.904110657811,0.29712553514
0.030303030303,0,1,0,0.0501973276685,0.687504985774
0.0530303030303,0.567567567568,0.454545454545,0.199494949495,1,0.233467173664
0.0217171717172,0.18018018018,0.727272727273,0.60101010101,0.0669794278006,0.706889674795
0.14898989899,0,0.727272727273,1,0.030042224339,0.650251283006
0.308080808081,0.0675675675676,1,1,0.0511390518198,0.392001489084
0.0217171717172,0.328828828829,0.727272727273,0.199494949495,0.20595226205,0.679368202728
0.0151515151515,0.504504504505,0.0909090909091,0.199494949495,0.252490294104,0.759964900152
0.0530303030303,0.216216216216,0,0,0.00913810295901,0.638923604648
0.621212121212,0.18018018018,1,1,0.078900176516,0.107027946925
0.621212121212,0,0.454545454545,1,0.0206534258952,0.364480017018
0.010101010101,0.0900900900901,0.727272727273,0,0.0572830994491,0.532799744728
0.010101010101,0.783783783784,0,0,0.297573420094,0.462307549126
0.030303030303,0.378378378378,0.0909090909091,1,0.0843717610455,0.6428590422
0.00580808080808,0.18018018018,1,1,0.078900176516,0.659318743851
0.0707070707071,0.783783783784,0,0.60101010101,0.278740660891,0.61400803042
0.010101010101,0.378378378378,0.0909090909091,0.60101010101,0.0870161045345,0.484005637248
0.030303030303,0.243243243243,0.454545454545,0.60101010101,0.0677841080748,0.790198633233
0.242424242424,0.427927927928,0,1,0.0656062309145,0.739383625389
0.00580808080808,0.693693693694,0.0909090909091,0,0.492748034506,0.517589810408
0.242424242424,0.572072072072,0,0.199494949495,0.217625987022,0.57773818704
0.14898989899,0,0.454545454545,0.60101010101,0.0228578499198,0.64809742867
0.010101010101,0.328828828829,0.727272727273,0.60101010101,0.185654253847,0.865370808626
0.00580808080808,0.504504504505,0.0909090909091,0.199494949495,0.252490294104,0.680990241179
0.116161616162,0.121621621622,0.454545454545,1,0.0351285345728,0.663546680139
0.393939393939,0,0.454545454545,0.60101010101,0.0228578499198,0.492541282208
0.116161616162,0,0.727272727273,0.199494949495,0.0367937469654,0.57555774191
0.242424242424,0.445945945946,0.454545454545,1,0.325792392007,0.297524397054
0.116161616162,0.0900900900901,0.727272727273,1,0.0436062929031,0.628234105353
0.0707070707071,0.0900900900901,0.727272727273,0.60101010101,0.0471390944327,0.621480043609
0.0909090909091,0,0.0909090909091,0,0.00709321869317,0.787885234132
0.14898989899,0.328828828829,0.727272727273,0.199494949495,0.20595226205,0.290610790544
0.0151515151515,0.783783783784,0,0,0.297573420094,0.646049937512
0.242424242424,0.328828828829,0.727272727273,0.60101010101,0.185654253847,0.259632515223
0.00580808080808,0.328828828829,0.727272727273,0.199494949495,0.20595226205,0.764990560268
0,0.504504504505,0.0909090909091,1,0.235669235587,0.599914909458
0.14898989899,0.554054054054,0.272727272727,1,0.575386354271,0.463158454543
0.494949494949,0.135135135135,1,0.60101010101,0.0710945365209,0.233706490813
0.14898989899,0.427927927928,0,0.60101010101,0.0677068808334,0.794320206345
0.0530303030303,0,1,0,0.0501973276685,0.557741909751
0.393939393939,0.135135135135,1,0.60101010101,0.0710945365209,0.277049485468
0.0909090909091,0.18018018018,0.727272727273,1,0.0621497947152,0.60728055947
0.0151515151515,0,0.454545454545,0.60101010101,0.0228578499198,0.457175525833
0.116161616162,0.783783783784,0,0,0.297573420094,0.552716249634
0.030303030303,0.693693693694,0.0909090909091,0.60101010101,0.461843347368,0.719280984923
0.00252525252525,0.887387387387,0.0909090909091,1,0.581231835868,0.418406147792
0.494949494949,0,0.454545454545,0.199494949495,0.0264121992288,0.319967027415
0,0.554054054054,0.272727272727,0,0.714953907231,0.574547291728
0.030303030303,0.0900900900901,0.727272727273,1,0.0436062929031,0.660408966416
0.0909090909091,0.693693693694,0.0909090909091,0.199494949495,0.480233084226,0.533491105379
0.0530303030303,0.567567567568,0.454545454545,1,0.82597323821,0.446033983035
0.0707070707071,0,0,0.199494949495,0.000478912326016,0.552450341692
0.00580808080808,0.554054054054,0.272727272727,0,0.714953907231,0.567367777276
0,0.693693693694,0.0909090909091,1,0.448645763436,0.537532906108
0.242424242424,0.18018018018,1,0.199494949495,0.0930119034415,0.275294493047
0.14898989899,0.783783783784,0,0.199494949495,0.289945506183,0.536708591486
0.14898989899,0,0.454545454545,0.199494949495,0.0264121992288,0.590927220996
0.116161616162,0.148648648649,0.272727272727,0,0.036435881445,0.718270534741
0.191919191919,0.324324324324,0.454545454545,1,0.122731117948,0.424468848885
0.0151515151515,0.135135135135,1,0.60101010101,0.0710945365209,0.659425107028
0.242424242424,0.148648648649,0.272727272727,1,0.028055863842,0.629510463478
0.242424242424,0.693693693694,0.0909090909091,0.199494949495,0.480233084226,0.294439864919
0.116161616162,0.328828828829,0.727272727273,1,0.173066903028,0.497460579147
0.0530303030303,0.18018018018,0.727272727273,0.199494949495,0.0747678295722,0.663679634111
0.00580808080808,0.504504504505,0.0909090909091,1,0.235669235587,0.66479644747
0.0530303030303,0,1,0.60101010101,0.0418910896622,0.603770574627
0,0.693693693694,0.0909090909091,0.199494949495,0.480233084226,0.489350386896
0.393939393939,0.148648648649,0.272727272727,0,0.036435881445,0.37365384104
0.242424242424,0.0900900900901,0.727272727273,0.199494949495,0.052836154926,0.410747999043
0.191919191919,0,0.454545454545,0.199494949495,0.0264121992288,0.584013614487
0.14898989899,0.121621621622,0.454545454545,1,0.0351285345728,0.629510463478
0.242424242424,0.567567567568,0.454545454545,1,0.82597323821,0.123753556519
0.116161616162,0.783783783784,0,1,0.270697305793,0.621320498843
0.010101010101,0.783783783784,0,0.60101010101,0.278740660891,0.32124338554
0.0909090909091,0.135135135135,1,0.199494949495,0.0785498958139,0.456085303268
0.0217171717172,0.887387387387,0.0909090909091,0.199494949495,0.622012301265,0.45055441806
0.242424242424,0.693693693694,0.0909090909091,0,0.492748034506,0.238652378547
0.494949494949,0,0.0909090909091,0,0.00709321869317,0.507086446672
0.242424242424,0,0.0909090909091,0,0.00709321869317,0.793735208871
0.0151515151515,0.445945945946,0.454545454545,0.199494949495,0.395308976022,0.623687079533
0.308080808081,0,1,1,0.0390047215149,0.429733826149
0.030303030303,0.328828828829,0.727272727273,0.60101010101,0.185654253847,0.666471667509
0.308080808081,0.135135135135,1,0.199494949495,0.0785498958139,0.283511048475
0.393939393939,0.18018018018,0.727272727273,0.199494949495,0.0747678295722,0.259233653309
0.030303030303,0.783783783784,0,1,0.270697305793,0.555641237004
0.00252525252525,0.554054054054,0.272727272727,0,0.714953907231,0.59768128274
0.308080808081,0,0.0909090909091,0.199494949495,0.00674255875019,0.758848086792
0.0530303030303,0.243243243243,0.454545454545,0.199494949495,0.0767033373097,0.631185683516
0.0909090909091,0,0.727272727273,0.60101010101,0.0326264064279,0.615842795224
1,0,0,1,0,0.527481585875
0.393939393939,0.189189189189,0.0909090909091,0.199494949495,0.0194138252414,0.452495546042
0.010101010101,0.18018018018,0.727272727273,0.199494949495,0.0747678295722,0.54508469168
0.308080808081,0.238738738739,0.727272727273,0.199494949495,0.0989923603296,0.24359826628
0.0707070707071,0.554054054054,0.272727272727,0.60101010101,0.627861230508,0.490440609461
0.040404040404,0.324324324324,0.454545454545,1,0.122731117948,0.821469407291
0.116161616162,0,0.727272727273,1,0.030042224339,0.664078496025
0.191919191919,0.0675675675676,1,0.199494949495,0.0606852352443,0.381870396469
0.14898989899,0.572072072072,0,0.199494949495,0.217625987022,0.650596963331
0.191919191919,0.783783783784,0,0,0.297573420094,0.495014226075
0.0707070707071,0.189189189189,0.0909090909091,1,0.0177070687301,0.556758050363
0.116161616162,0,0.0909090909091,0.199494949495,0.00674255875019,0.839152285479
0.0707070707071,0.783783783784,0,1,0.270697305793,0.612279628793
0.116161616162,0.783783783784,0,0.60101010101,0.278740660891,0.573058207249
0.308080808081,0.554054054054,0.272727272727,0.199494949495,0.696874458397,0.1224506076
0.393939393939,0.572072072072,0,1,0.203068307254,0.456244848034
0.010101010101,0.135135135135,1,0.199494949495,0.0785498958139,0.587443826947
0.0217171717172,0.445945945946,0.454545454545,0.199494949495,0.395308976022,0.613848485654
0.0909090909091,0,0,0.60101010101,0.000200101298697,0.644640625415
0.0151515151515,0.18018018018,0.727272727273,1,0.0621497947152,0.621639588375
0.0151515151515,0,0.727272727273,0.199494949495,0.0367937469654,0.606668971202
0.0909090909091,0.567567567568,0.454545454545,1,0.82597323821,0.375568378227
0.116161616162,0.238738738739,0.727272727273,1,0.0826317347628,0.541388571277
0,0.554054054054,0.272727272727,1,0.575386354271,0.723482330417
0.00580808080808,0.301801801802,0.272727272727,0,0.0953030357305,0.608556917595
0.116161616162,0.445945945946,0.454545454545,1,0.325792392007,0.432339723988
0.0217171717172,0.378378378378,0.0909090909091,0,0.0932084191897,0.597654691946
0.191919191919,0.504504504505,0.0909090909091,0.199494949495,0.252490294104,0.322812242402
0.494949494949,0,0,0,0.000668670690597,0.820246230755
0.0217171717172,0.693693693694,0.0909090909091,0,0.492748034506,0.566516871859
0.79797979798,0,0.454545454545,1,0.0206534258952,0.263700906746
0.0909090909091,0.554054054054,0.272727272727,1,0.575386354271,0.500917382402
0,0.702702702703,0.272727272727,1,0.746849792223,0.73172547664
0.030303030303,0.18018018018,0.727272727273,1,0.0621497947152,0.726141409844
0.0151515151515,0,0.727272727273,0.60101010101,0.0326264064279,0.542452203047
0.00580808080808,0.18018018018,0.727272727273,0,0.0808472338633,0.537905177228
0.030303030303,0.216216216216,0,0,0.00913810295901,0.512351423937
0.010101010101,0.554054054054,0.272727272727,0.60101010101,0.627861230508,0.878400297817
0.0530303030303,0.504504504505,0.0909090909091,1,0.235669235587,0.872470550695
0.14898989899,0.148648648649,0.272727272727,0.199494949495,0.0353503905095,0.665328263355
0.393939393939,0.324324324324,0.454545454545,0.199494949495,0.149818572869,0.218257239344
0.0707070707071,0,1,1,0.0390047215149,0.643789719999
0.0909090909091,0.216216216216,0,0.199494949495,0.00873621101571,0.679022522403
0.0707070707071,0.0900900900901,0.727272727273,1,0.0436062929031,0.649240832824
0.191919191919,0,0.272727272727,1,0.013963616109,0.732709336028
0.040404040404,0,1,0,0.0501973276685,0.637780200495
0.393939393939,0,0.272727272727,0.199494949495,0.0183179913719,0.504188050097
0.308080808081,0,0.727272727273,1,0.030042224339,0.4962905842
0.030303030303,0,0.454545454545,1,0.0206534258952,0.596617650969
0.00252525252525,0.427927927928,0,0,0.0726261526812,0.445555348738
0.14898989899,0,0,0.60101010101,0.000200101298697,0.721222112905
0.116161616162,0.243243243243,0.454545454545,1,0.0622525345274,0.643789719999
0.0530303030303,0,0.727272727273,0,0.0400464273627,0.676070944239
0.00580808080808,0,0.727272727273,0,0.0400464273627,0.457760523307
0,0.328828828829,0.727272727273,0,0.221795913293,0.672720504161
0.191919191919,0.572072072072,0,1,0.203068307254,0.755923099423
0.14898989899,0,1,0,0.0501973276685,0.418937963677
0.308080808081,0.445945945946,0.454545454545,0.199494949495,0.395308976022,0.172973116707
0.040404040404,0.135135135135,1,0,0.0843717610455,0.623766851916
0.191919191919,0.135135135135,1,0,0.0843717610455,0.325152232297
0.030303030303,0.378378378378,0.0909090909091,0.60101010101,0.0870161045345,0.669609381232
0.040404040404,0.18018018018,0.727272727273,0.60101010101,0.0669794278006,0.764591698354
0.040404040404,0.693693693694,0.0909090909091,0.60101010101,0.461843347368,0.718483261095
0.010101010101,0.18018018018,0.727272727273,0,0.0808472338633,0.605445794666
0,0.400900900901,0.272727272727,1,0.170798352812,0.800994495706
0.010101010101,0.378378378378,0.0909090909091,0.199494949495,0.0907007748133,0.442337862632
0.040404040404,0.783783783784,0,1,0.270697305793,0.596591060175
0.0530303030303,0.243243243243,0.454545454545,0,0.0836753368151,0.548062860638
0.0707070707071,0,1,0.60101010101,0.0418910896622,0.627702289467
0.494949494949,0.216216216216,0,1,0.00772187946696,0.638657696705
0.040404040404,0.135135135135,1,0.60101010101,0.0710945365209,0.690004520435
0.14898989899,0.504504504505,0.0909090909091,1,0.235669235587,0.631823862579
0.116161616162,0.18018018018,0.727272727273,0.60101010101,0.0669794278006,0.505331454251
0.116161616162,0,0.454545454545,0.60101010101,0.0228578499198,0.648363336613
0.030303030303,0.400900900901,0.272727272727,0.199494949495,0.207874323973,0.732842289999
0.494949494949,0.189189189189,0.0909090909091,0.199494949495,0.0194138252414,0.361289121706
0.308080808081,0.328828828829,0.727272727273,1,0.173066903028,0.330736299093
0.308080808081,0.567567567568,0.454545454545,0.199494949495,1,0
0.14898989899,0.445945945946,0.454545454545,0.199494949495,0.395308976022,0.269763607839
0.0530303030303,0,0.272727272727,0.60101010101,0.015844478678,0.74587177919
0.010101010101,0.301801801802,0.272727272727,0,0.0953030357305,0.662536229957
0.191919191919,0.572072072072,0,0.199494949495,0.217625987022,0.615763022841
0.308080808081,0.693693693694,0.0909090909091,1,0.448645763436,0.31470205015
0.0217171717172,0.783783783784,0,0,0.297573420094,0.890951152711
0.0217171717172,0.0900900900901,0.727272727273,0.60101010101,0.0471390944327,0.623873215093
0.242424242424,0.148648648649,0.272727272727,0.60101010101,0.0312066663382,0.570611854176
0.030303030303,0.0900900900901,0.727272727273,0.60101010101,0.0471390944327,0.667748025634
0.191919191919,0,0.272727272727,0.199494949495,0.0183179913719,0.649373786795
0.308080808081,0.328828828829,0.727272727273,0.199494949495,0.20595226205,0.198340734438
0.0530303030303,0.328828828829,0.727272727273,0.199494949495,0.20595226205,0.526737043635
0.0530303030303,0.324324324324,0.454545454545,0.199494949495,0.149818572869,0.506501449198
0.79797979798,0,0,0,0.000668670690597,0.591565400058
0.0217171717172,0.148648648649,0.272727272727,0.60101010101,0.0312066663382,0.617411652086
0.308080808081,0.783783783784,0,0.60101010101,0.278740660891,0.30528890898
0.191919191919,0.378378378378,0.0909090909091,0.60101010101,0.0870161045345,0.511394155343
0.00252525252525,0.783783783784,0,0.199494949495,0.289945506183,0.301380062222
0.494949494949,0,0.272727272727,0,0.0189661485765,0.332730608663
0.040404040404,0.121621621622,0.454545454545,0.199494949495,0.0439119266063,0.723508921211
0.030303030303,0.328828828829,0.727272727273,1,0.173066903028,0.7277368575
0.0707070707071,0.693693693694,0.0909090909091,1,0.448645763436,0.709575345016
0.191919191919,0,1,0.60101010101,0.0418910896622,0.471348419177
0.0217171717172,0.427927927928,0,0.199494949495,0.0706341035705,0.615151434573
0.14898989899,0,0.0909090909091,0.60101010101,0.00622727377254,0.836174116521
0.0217171717172,0.18018018018,1,1,0.078900176516,0.750791076129
0.308080808081,0.0900900900901,0.727272727273,0.60101010101,0.0471390944327,0.407690057702
0.0909090909091,0.378378378378,0.0909090909091,0.199494949495,0.0907007748133,0.706916265589
0.308080808081,0.328828828829,0.727272727273,0.60101010101,0.185654253847,0.216821336453
0.393939393939,0.18018018018,0.727272727273,0.60101010101,0.0669794278006,0.243146222778
0.0217171717172,0.0900900900901,0.727272727273,0.199494949495,0.052836154926,0.639162921796
0.0217171717172,0.324324324324,0.454545454545,0.199494949495,0.149818572869,0.792884303454
0.79797979798,0.0675675675676,1,1,0.0511390518198,0.085143723243
0.14898989899,0.135135135135,1,0,0.0843717610455,0.391629217965
0.0530303030303,0.400900900901,0.272727272727,1,0.170798352812,0.782115031776
0.0217171717172,0.783783783784,0,0.60101010101,0.278740660891,0.506049405696
0.030303030303,0.121621621622,0.454545454545,0.199494949495,0.0439119266063,0.676709123302
0.116161616162,0.324324324324,0.454545454545,1,0.122731117948,0.557688728162
0.494949494949,0,1,1,0.0390047215149,0.319382029941
0.242424242424,0.783783783784,0,1,0.270697305793,0.525061823597
0.0530303030303,0.148648648649,0.272727272727,0,0.036435881445,0.81479511793
0.191919191919,0.504504504505,0.0909090909091,1,0.235669235587,0.507644853352
0.0151515151515,0.238738738739,0.727272727273,0.199494949495,0.0989923603296,0.767702821283
0.00252525252525,0.445945945946,0.454545454545,0,0.428849387538,0.669529608849
0.0530303030303,0.0900900900901,0.727272727273,0,0.0572830994491,0.672667322573
0.0707070707071,0.216216216216,0,0.199494949495,0.00873621101571,0.600579679315
0.242424242424,0.238738738739,0.727272727273,0.199494949495,0.0989923603296,0.3172547664
0.0151515151515,0.693693693694,0.0909090909091,0.60101010101,0.461843347368,0.633924535326
0.14898989899,0.324324324324,0.454545454545,1,0.122731117948,0.356396415561
0.0151515151515,0.378378378378,0.0909090909091,0.60101010101,0.0870161045345,0.541441752865
0.0707070707071,0.324324324324,0.454545454545,1,0.122731117948,0.731592522669
0.0707070707071,0.148648648649,0.272727272727,0.60101010101,0.0312066663382,0.804876751669
0.0909090909091,0.238738738739,0.727272727273,0.199494949495,0.0989923603296,0.386390831494
0.040404040404,0,1,0.60101010101,0.0418910896622,0.627170473582
0.00580808080808,0.243243243243,0.454545454545,0,0.0836753368151,0.594596750605
0.191919191919,0.328828828829,0.727272727273,0.60101010101,0.185654253847,0.369718403489
0.308080808081,0.216216216216,0,0.199494949495,0.00873621101571,0.82314462733
0.00580808080808,0.693693693694,0.0909090909091,1,0.448645763436,0.606668971202
0.494949494949,0,0.272727272727,0.60101010101,0.015844478678,0.493259233653
0.0530303030303,0.0900900900901,0.727272727273,0.199494949495,0.052836154926,0.661499188981
0.0909090909091,0,0.0909090909091,0.60101010101,0.00622727377254,0.746563139841
0.242424242424,0.0900900900901,0.727272727273,0.60101010101,0.0471390944327,0.454489855612
0.393939393939,0.238738738739,0.727272727273,1,0.0826317347628,0.306325949956
0.0217171717172,0.238738738739,0.727272727273,1,0.0826317347628,0.755710373069
0.0151515151515,0.400900900901,0.272727272727,1,0.170798352812,0.934480282926
0.0151515151515,0.693693693694,0.0909090909091,0.199494949495,0.480233084226,0.600499906932
0.0217171717172,0.135135135135,1,0.60101010101,0.0710945365209,0.696386311059
0.010101010101,0.18018018018,1,1,0.078900176516,0.696545855825
0.0217171717172,0.378378378378,0.0909090909091,0.199494949495,0.0907007748133,0.602680352062
0.494949494949,0,1,0,0.0501973276685,0.129896029994
0.621212121212,0,0,0.60101010101,0.000200101298697,0.746483367458
0.242424242424,0,0.272727272727,0,0.0189661485765,0.558752359933
0.010101010101,0.0675675675676,1,0.199494949495,0.0606852352443,0.54832876858
0.040404040404,0.18018018018,1,1,0.078900176516,0.734836599569
0.0217171717172,0.301801801802,0.272727272727,0.199494949495,0.0927429871545,0.797059058154
0.393939393939,0,0,0,0.000668670690597,0.899486797671
0.308080808081,0.554054054054,0.272727272727,1,0.575386354271,0.281277421757
0.0530303030303,0.554054054054,0.272727272727,1,0.575386354271,0.618714601005
0.0707070707071,0.216216216216,0,0.60101010101,0.00814568119236,0.481133831468
0.00580808080808,0.783783783784,0,0.199494949495,0.289945506183,0.312814103757
0.0151515151515,0.301801801802,0.272727272727,0,0.0953030357305,0.713324647007
0.0909090909091,0.18018018018,0.727272727273,0.60101010101,0.0669794278006,0.55505623953
0.0707070707071,0,0.454545454545,0,0.0291906560968,0.729571622304
0.308080808081,0.324324324324,0.454545454545,1,0.122731117948,0.351610072593
0.030303030303,0,0.0909090909091,0.199494949495,0.00674255875019,0.614991889808
0.0909090909091,0,0.727272727273,0.199494949495,0.0367937469654,0.583003164305
0.14898989899,0.18018018018,1,1,0.078900176516,0.489137660542
0.14898989899,0.328828828829,0.727272727273,0.60101010101,0.185654253847,0.365729784349
0.0217171717172,1,0,1,0.362297777969,0.459409152551
0.116161616162,0.216216216216,0,0,0.00913810295901,0.776663918951
0.494949494949,0.189189189189,0.0909090909091,1,0.0177070687301,0.474858404021
0.00252525252525,0.18018018018,1,1,0.078900176516,0.611987130056
0.0217171717172,0.554054054054,0.272727272727,0.60101010101,0.627861230508,0.554790331587
0.393939393939,0.572072072072,0,0.199494949495,0.217625987022,0.458079612838
0.191919191919,0.216216216216,0,1,0.00772187946696,0.838886377536
0.116161616162,0,0.454545454545,0,0.0291906560968,0.597947190683
0.393939393939,0,0.454545454545,0.199494949495,0.0264121992288,0.456643709948
0.116161616162,0.504504504505,0.0909090909091,0.199494949495,0.252490294104,0.499641024277
0.242424242424,0.783783783784,0,0,0.297573420094,0.388651049007
0.0151515151515,0.783783783784,0,1,0.270697305793,0.43678038663
0.040404040404,0,0.0909090909091,0.199494949495,0.00674255875019,0.645039487329
0.116161616162,0.189189189189,0.0909090909091,1,0.0177070687301,0.760443534448
0.0217171717172,0.243243243243,0.454545454545,0.199494949495,0.0767033373097,0.770521445476
0.116161616162,0,0.0909090909091,0,0.00709321869317,0.837344111469
0.0530303030303,0,0.0909090909091,1,0.00585747940144,0.669556199644
0.0909090909091,0.693693693694,0.0909090909091,1,0.448645763436,0.688834525487
0.0909090909091,0.148648648649,0.272727272727,0,0.036435881445,0.751509027575
0.242424242424,1,0,1,0.362297777969,0.594224479485
0.0530303030303,0.18018018018,0.727272727273,0.60101010101,0.0669794278006,0.741457707342
0.14898989899,0.445945945946,0.454545454545,0.60101010101,0.352403037665,0.311245246896
0.393939393939,0,0.454545454545,1,0.0206534258952,0.509133937831
0.116161616162,0.135135135135,1,0.60101010101,0.0710945365209,0.506793947935
0.308080808081,0,0.0909090909091,0,0.00709321869317,0.716887813439
0.0217171717172,0.148648648649,0.272727272727,0.199494949495,0.0353503905095,0.634748849948
0.242424242424,0.554054054054,0.272727272727,0.60101010101,0.627861230508,0.229584917701
0.242424242424,0,0,0.199494949495,0.000478912326016,0.881644374717
0.030303030303,0,0.727272727273,0,0.0400464273627,0.727125269232
0.14898989899,0.243243243243,0.454545454545,0.199494949495,0.0767033373097,0.418991145266
0.0151515151515,0.243243243243,0.454545454545,0,0.0836753368151,0.699364480017
0.116161616162,0.554054054054,0.272727272727,0,0.714953907231,0.18446033983
0.14898989899,0,0.272727272727,0.199494949495,0.0183179913719,0.733400696679
0.242424242424,0.567567567568,0.454545454545,0.199494949495,1,0.0199430957003
0.0909090909091,0.301801801802,0.272727272727,1,0.0755413086618,0.8293136916
0.0217171717172,0.567567567568,0.454545454545,1,0.82597323821,0.529794984976
0.0530303030303,0.783783783784,0,0.199494949495,0.289945506183,0.744116786768
0.393939393939,0,0,1,0,0.704310367751
0.010101010101,0.504504504505,0.0909090909091,1,0.235669235587,0.68872816231
0.0909090909091,0.427927927928,0,0.199494949495,0.0706341035705,0.741723615284
0.030303030303,0.121621621622,0.454545454545,1,0.0351285345728,0.638551333528
0.494949494949,0.135135135135,1,1,0.066480725994,0.181987395964
0.242424242424,0.243243243243,0.454545454545,0.60101010101,0.0677841080748,0.408886643444
0.0909090909091,0,0.727272727273,0,0.0400464273627,0.533810194911
0.040404040404,0.567567567568,0.454545454545,0.199494949495,1,0.300210067275
0.00580808080808,0.554054054054,0.272727272727,0.60101010101,0.627861230508,0.858723110059
0.116161616162,0.693693693694,0.0909090909091,0.199494949495,0.480233084226,0.506102587284
0.00252525252525,0.328828828829,0.727272727273,0,0.221795913293,0.710213524078
0.0530303030303,0.0675675675676,1,1,0.0511390518198,0.598080144654
0,0.445945945946,0.454545454545,0.60101010101,0.352403037665,0.75983194618
0.494949494949,0,0.272727272727,1,0.013963616109,0.52982157577
0.040404040404,0.445945945946,0.454545454545,0,0.428849387538,0.499082617598
0.393939393939,1,0,1,0.362297777969,0.485999946818
0.116161616162,0.378378378378,0.0909090909091,1,0.0843717610455,0.820219639961
0.242424242424,0,0,0.60101010101,0.000200101298697,0.86215332252
0.0151515151515,0.18018018018,0.727272727273,0.199494949495,0.0747678295722,0.629111601564
0.0909090909091,0.445945945946,0.454545454545,1,0.325792392007,0.462653229452
0.0909090909091,0.693693693694,0.0909090909091,0,0.492748034506,0.464142313931
0.494949494949,0,0.454545454545,1,0.0206534258952,0.448506926902
0.030303030303,0.400900900901,0.272727272727,1,0.170798352812,0.915600818996
0.14898989899,0.328828828829,0.727272727273,1,0.173066903028,0.454117584492
0.030303030303,0.378378378378,0.0909090909091,0,0.0932084191897,0.661206690244
0.00252525252525,0.400900900901,0.272727272727,1,0.170798352812,0.828383013801
0.00252525252525,0.567567567568,0.454545454545,0.199494949495,1,0.33265083628
0.393939393939,0,0.0909090909091,0,0.00709321869317,0.617172334938
0.0217171717172,0,0.727272727273,0,0.0400464273627,0.693620868455
0.393939393939,0.148648648649,0.272727272727,0.60101010101,0.0312066663382,0.457069162656
0.242424242424,0.135135135135,1,1,0.066480725994,0.392320578616
0.0909090909091,0.400900900901,0.272727272727,0.199494949495,0.207874323973,0.416411838222
0.030303030303,0,0.727272727273,0.60101010101,0.0326264064279,0.642167681549
0.242424242424,0,0,0,0.000668670690597,0.936713909644
0.0909090909091,0.783783783784,0,0.60101010101,0.278740660891,0.581833169357
0.00252525252525,1,0,0.199494949495,0.387896539906,0.372430664504
0,0.783783783784,0,0.199494949495,0.289945506183,0.283564230064
0.0909090909091,0,0.454545454545,0,0.0291906560968,0.678783205254
0.0530303030303,0,1,0.199494949495,0.0465552358018,0.588161778392
0.308080808081,0,0,1,0,0.840455234398
0.00580808080808,0,1,0.199494949495,0.0465552358018,0.515834817986
0.116161616162,0.887387387387,0.0909090909091,1,0.581231835868,0.398994867977
0,0.504504504505,0.0909090909091,0.199494949495,0.252490294104,0.575158879996
0.0151515151515,0.572072072072,0,1,0.203068307254,0.625362299572
0.0151515151515,0.328828828829,0.727272727273,0.60101010101,0.185654253847,0.792246124392
0.0707070707071,0.0900900900901,0.727272727273,0,0.0572830994491,0.596085835084
0.0909090909091,0.216216216216,0,0.60101010101,0.00814568119236,0.576328874943
0.0707070707071,0.504504504505,0.0909090909091,1,0.235669235587,0.845879756428
0.242424242424,0,1,1,0.0390047215149,0.476533624059
0.621212121212,0,0.0909090909091,0.60101010101,0.00622727377254,0.584891110697
0.116161616162,0.328828828829,0.727272727273,0.199494949495,0.20595226205,0.350440077645
0.040404040404,0.18018018018,0.727272727273,1,0.0621497947152,0.753264019996
0.116161616162,0.328828828829,0.727272727273,0.60101010101,0.185654253847,0.415188661685
0.494949494949,0,0.454545454545,0.60101010101,0.0228578499198,0.4220756774
0.308080808081,0.554054054054,0.272727272727,0,0.714953907231,0.103358417316
0.00580808080808,0.567567567568,0.454545454545,0.199494949495,1,0.336107639535
0.0707070707071,0.567567567568,0.454545454545,1,0.82597323821,0.456138484857
0.191919191919,0.427927927928,0,0.199494949495,0.0706341035705,0.651049006834
0.308080808081,0,0.272727272727,0.199494949495,0.0183179913719,0.591671763236
0.116161616162,0.693693693694,0.0909090909091,0.60101010101,0.461843347368,0.591645172441
0.494949494949,0.216216216216,0,0.199494949495,0.00873621101571,0.603238758742
0.0530303030303,0.783783783784,0,0.60101010101,0.278740660891,0.689259978196
0.14898989899,0.427927927928,0,0.199494949495,0.0706341035705,0.706091950967
0.010101010101,0.567567567568,0.454545454545,0.199494949495,1,0.333182652166
0.308080808081,0,0.272727272727,0.60101010101,0.015844478678,0.647485840402
0.116161616162,1,0,0.199494949495,0.387896539906,0.476666578031
0.0909090909091,0.554054054054,0.272727272727,0,0.714953907231,0.187917143085
0.0707070707071,0.378378378378,0.0909090909091,1,0.0843717610455,0.810115138139
0.0217171717172,0.693693693694,0.0909090909091,0.199494949495,0.480233084226,0.639854282447
0.242424242424,0.783783783784,0,0.60101010101,0.278740660891,0.413779349589
0.308080808081,0.135135135135,1,0,0.0843717610455,0.168532454064
0.308080808081,0.216216216216,0,0,0.00913810295901,0.784907065174
0.00580808080808,0.328828828829,0.727272727273,0.60101010101,0.185654253847,0.874943494562
0.393939393939,0.0675675675676,1,1,0.0511390518198,0.31887680485
0.0707070707071,0.243243243243,0.454545454545,1,0.0622525345274,0.794027707608
0.621212121212,0,0.272727272727,0.60101010101,0.015844478678,0.439545829234
0.116161616162,0.445945945946,0.454545454545,0.60101010101,0.352403037665,0.398463052091
0.040404040404,0.301801801802,0.272727272727,0.60101010101,0.0829713277662,0.900178158322
0.191919191919,0.378378378378,0.0909090909091,0,0.0932084191897,0.391576036376
0.030303030303,0.243243243243,0.454545454545,0.199494949495,0.0767033373097,0.781157763182
0.191919191919,0.135135135135,1,1,0.066480725994,0.448958970404
0.040404040404,0.400900900901,0.272727272727,0.199494949495,0.207874323973,0.696678809796
0.79797979798,0.216216216216,0,0.60101010101,0.00814568119236,0.558778950727
0.242424242424,0,0.272727272727,1,0.013963616109,0.72898662483
0.040404040404,0.783783783784,0,0,0.297573420094,0.755604009892
0.79797979798,0.18018018018,0.727272727273,1,0.0621497947152,0.249634376579
0.191919191919,0.18018018018,0.727272727273,1,0.0621497947152,0.487887893211
0.030303030303,0.238738738739,0.727272727273,0.199494949495,0.0989923603296,0.694312229106
0.0707070707071,0,0.454545454545,0.199494949495,0.0264121992288,0.734783417981
0.191919191919,0.693693693694,0.0909090909091,0.60101010101,0.461843347368,0.466402531444
0.0909090909091,1,0,1,0.362297777969,0.633312947058
0.242424242424,0.445945945946,0.454545454545,0.60101010101,0.352403037665,0.230941048209
0.0909090909091,0.243243243243,0.454545454545,0.199494949495,0.0767033373097,0.565506421677
0.00580808080808,0.554054054054,0.272727272727,0.199494949495,0.696874458397,0.692291328742
0.040404040404,0.445945945946,0.454545454545,1,0.325792392007,0.610763953519
0.0217171717172,0.135135135135,1,1,0.066480725994,0.690669290292
0.040404040404,0.135135135135,1,0.199494949495,0.0785498958139,0.662961682665
0.191919191919,0.328828828829,0.727272727273,0,0.221795913293,0.246204164118
0.0151515151515,0.18018018018,1,0.199494949495,0.0930119034415,0.712447150796
0.116161616162,0.148648648649,0.272727272727,0.199494949495,0.0353503905095,0.728880261653
0.0530303030303,0.216216216216,0,0.199494949495,0.00873621101571,0.575584332704
0.191919191919,0.243243243243,0.454545454545,0,0.0836753368151,0.340388757412
0.0530303030303,0.301801801802,0.272727272727,0,0.0953030357305,0.688063392454
0.0707070707071,0.693693693694,0.0909090909091,0.199494949495,0.480233084226,0.570718217353
0.14898989899,0.189189189189,0.0909090909091,0.199494949495,0.0194138252414,0.803228122424
0.242424242424,0.427927927928,0,0,0.0726261526812,0.559629856144
0.040404040404,0.378378378378,0.0909090909091,0,0.0932084191897,0.694976998963
0.0530303030303,0.0675675675676,1,0.199494949495,0.0606852352443,0.580503629643
0.308080808081,0,0.727272727273,0,0.0400464273627,0.357247320977
0.393939393939,0.216216216216,0,1,0.00772187946696,0.748211769086
0.0217171717172,0.216216216216,0,0.199494949495,0.00873621101571,0.407264604994
0.0707070707071,0.216216216216,0,0,0.00913810295901,0.673757545138
0.0909090909091,0,0.0909090909091,0.199494949495,0.00674255875019,0.785438881059
0.308080808081,0,0.272727272727,1,0.013963616109,0.691759512857
0.393939393939,0.121621621622,0.454545454545,1,0.0351285345728,0.456138484857
0.308080808081,0.148648648649,0.272727272727,1,0.028055863842,0.572340255803
0.116161616162,0,0.454545454545,0.199494949495,0.0264121992288,0.624431621773
0.14898989899,0.243243243243,0.454545454545,0.60101010101,0.0677841080748,0.48413859122
0.0707070707071,0.0675675675676,1,1,0.0511390518198,0.618289148297
0.0909090909091,0,0,0.199494949495,0.000478912326016,0.708538304039
0.00252525252525,0.702702702703,0.272727272727,0.199494949495,0.904110657811,0.565426649294
0.191919191919,1,0,0.199494949495,0.387896539906,0.432525859547
0.393939393939,0,0.272727272727,1,0.013963616109,0.587257691387
0.030303030303,0.504504504505,0.0909090909091,0.199494949495,0.252490294104,0.80862605366
0.0909090909091,0.238738738739,0.727272727273,1,0.0826317347628,0.598558778951
0.030303030303,0.887387387387,0.0909090909091,1,0.581231835868,0.563060068604
0.030303030303,0.554054054054,0.272727272727,0.199494949495,0.696874458397,0.503496689446
0,0.445945945946,0.454545454545,0.199494949495,0.395308976022,0.636450660781
0.0707070707071,0.0900900900901,0.727272727273,0.199494949495,0.052836154926,0.597149466855
0.030303030303,0.427927927928,0,0,0.0726261526812,0.727683675911
0.00252525252525,0.572072072072,0,1,0.203068307254,0.433908580849
0.308080808081,0.693693693694,0.0909090909091,0,0.492748034506,0.127768766453
0.0217171717172,0.18018018018,0.727272727273,0,0.0808472338633,0.717127130587
0.0217171717172,0.567567567568,0.454545454545,0.199494949495,1,0.350200760497
0.494949494949,0.572072072072,0,1,0.203068307254,0.293509187119
0.0707070707071,0.554054054054,0.272727272727,0,0.714953907231,0.295078043981
0.00580808080808,0.400900900901,0.272727272727,0.199494949495,0.207874323973,0.850905416545
0.0707070707071,0.148648648649,0.272727272727,0.199494949495,0.0353503905095,0.789507272582
0.0707070707071,0.572072072072,0,1,0.203068307254,0.828250059829
0.308080808081,0,0.454545454545,0.199494949495,0.0264121992288,0.476852713591
0.621212121212,0,1,0.60101010101,0.0418910896622,0.204642752679
0.0217171717172,0.243243243243,0.454545454545,0,0.0836753368151,0.746962001755
0.00252525252525,0.783783783784,0,0.60101010101,0.278740660891,0.189087138033
0.79797979798,0,0,0.60101010101,0.000200101298697,0.593054484537
0.494949494949,0,0.0909090909091,1,0.00585747940144,0.674342542612
0.14898989899,0,0.272727272727,1,0.013963616109,0.75983194618
0.030303030303,0.301801801802,0.272727272727,1,0.0755413086618,0.826920520116
0.030303030303,0.135135135135,1,0,0.0843717610455,0.673491637195
0.030303030303,0.572072072072,0,1,0.203068307254,0.717100539793
0.030303030303,0,0.454545454545,0,0.0291906560968,0.68436727205
0.116161616162,0,1,0.60101010101,0.0418910896622,0.551120801978
0.242424242424,0.702702702703,0.272727272727,0.199494949495,0.904110657811,0.0756242188954
0.0530303030303,0.572072072072,0,0.199494949495,0.217625987022,0.728507990534
0.0151515151515,0.121621621622,0.454545454545,0.199494949495,0.0439119266063,0.468769112133
0.0151515151515,0.567567567568,0.454545454545,0.199494949495,1,0.306325949956
0.0909090909091,0.427927927928,0,1,0.0656062309145,0.840162735661
0.14898989899,0.148648648649,0.272727272727,1,0.028055863842,0.764059882469
0.14898989899,0.693693693694,0.0909090909091,0.60101010101,0.461843347368,0.533943148882
0.030303030303,0.148648648649,0.272727272727,0.60101010101,0.0312066663382,0.684420453639
0.00252525252525,0.693693693694,0.0909090909091,0.199494949495,0.480233084226,0.518866168532
0.621212121212,0,1,0.199494949495,0.0465552358018,0.165899965432
0.308080808081,0.18018018018,0.727272727273,0,0.0808472338633,0.247799611774
0.030303030303,0,0.0909090909091,0.60101010101,0.00622727377254,0.55723668466
0.00252525252525,0.887387387387,0.0909090909091,0.199494949495,0.622012301265,0.634030898503
0.0530303030303,0.427927927928,0,0.60101010101,0.0677068808334,0.766399872364
0.0909090909091,0,0.727272727273,1,0.030042224339,0.661153508655
0.00580808080808,0.328828828829,0.727272727273,1,0.173066903028,0.968649453559
0.494949494949,0.0675675675676,1,0.199494949495,0.0606852352443,0.149200946632
0.116161616162,0.148648648649,0.272727272727,1,0.028055863842,0.811391496264
0.0530303030303,0,1,1,0.0390047215149,0.600180817401
0.116161616162,0.148648648649,0.272727272727,0.60101010101,0.0312066663382,0.784667748026
0.0707070707071,0,0.0909090909091,0.60101010101,0.00622727377254,0.669981652352
0,0.567567567568,0.454545454545,1,0.82597323821,0.664078496025
0.308080808081,0.18018018018,1,1,0.078900176516,0.339963304704
0.494949494949,0.0675675675676,1,1,0.0511390518198,0.268886111628
0.0707070707071,0.445945945946,0.454545454545,1,0.325792392007,0.489509931662
0.191919191919,0.216216216216,0,0.60101010101,0.00814568119236,0.812189220092
0.14898989899,0.18018018018,0.727272727273,0.60101010101,0.0669794278006,0.505597362193
0.010101010101,0.243243243243,0.454545454545,1,0.0622525345274,0.551519663892
0.00252525252525,0.445945945946,0.454545454545,0.60101010101,0.352403037665,0.793868162842
0.621212121212,0.121621621622,0.454545454545,0.199494949495,0.0439119266063,0.140106894993
0.242424242424,0.324324324324,0.454545454545,1,0.122731117948,0.397878054617
0,0.427927927928,0,0.199494949495,0.0706341035705,0.337543542426
0.0151515151515,0.301801801802,0.272727272727,0.199494949495,0.0927429871545,0.733241151913
0.0217171717172,0.301801801802,0.272727272727,0,0.0953030357305,0.764113064057
0.308080808081,0.400900900901,0.272727272727,1,0.170798352812,0.368894088866
0.030303030303,0.324324324324,0.454545454545,0.199494949495,0.149818572869,0.77054803627
0.191919191919,0.328828828829,0.727272727273,0.199494949495,0.20595226205,0.284494907863
0.00580808080808,0.783783783784,0,1,0.270697305793,0.331480841333
0.494949494949,0.324324324324,0.454545454545,1,0.122731117948,0.184353976653
0.494949494949,0.238738738739,0.727272727273,1,0.0826317347628,0.211928630308
0,0.427927927928,0,0,0.0726261526812,0.419230462414
0.030303030303,0.18018018018,0.727272727273,0.199494949495,0.0747678295722,0.720318025899
0.040404040404,0.216216216216,0,0,0.00913810295901,0.584146568458
0.00580808080808,0.324324324324,0.454545454545,0.199494949495,0.149818572869,0.722684606589
0.010101010101,0.504504504505,0.0909090909091,0.199494949495,0.252490294104,0.725662775547
0.0217171717172,0.400900900901,0.272727272727,1,0.170798352812,0.931821203499
0.242424242424,0,1,0,0.0501973276685,0.326136091685
0.0151515151515,0.567567567568,0.454545454545,1,0.82597323821,0.486186082378
0.191919191919,0.783783783784,0,0.60101010101,0.278740660891,0.489031297365
0.0151515151515,0.445945945946,0.454545454545,0,0.428849387538,0.632834312761
0.0217171717172,0,0.454545454545,0,0.0291906560968,0.601403993937
0.00252525252525,0.554054054054,0.272727272727,0.60101010101,0.627861230508,0.795437019704
0.030303030303,0,0.454545454545,0.199494949495,0.0264121992288,0.65208604781
0.0909090909091,0.504504504505,0.0909090909091,0.199494949495,0.252490294104,0.559470311378
0.0707070707071,0,0.727272727273,0,0.0400464273627,0.59151221847
0.030303030303,0.554054054054,0.272727272727,0,0.714953907231,0.442922860106
0.242424242424,0.18018018018,0.727272727273,1,0.0621497947152,0.471667508708
0.308080808081,0,0,0.60101010101,0.000200101298697,0.8701305608
0.14898989899,0.135135135135,1,1,0.066480725994,0.482197463238
0.00252525252525,0,1,0.199494949495,0.0465552358018,0.423830669822
0.0217171717172,0.427927927928,0,0,0.0726261526812,0.681415693887
0.030303030303,0.783783783784,0,0,0.297573420094,0.953173611296
0.0707070707071,0.328828828829,0.727272727273,1,0.173066903028,0.594251070279
0.191919191919,0.445945945946,0.454545454545,0,0.428849387538,0.214827026883
0.030303030303,0.702702702703,0.272727272727,1,0.746849792223,0.553301247108
0.191919191919,0.783783783784,0,0.199494949495,0.289945506183,0.514372324301
0.040404040404,0.427927927928,0,0,0.0726261526812,0.743638152472
0.0530303030303,0.445945945946,0.454545454545,0.199494949495,0.395308976022,0.456696891536
0.0530303030303,0.301801801802,0.272727272727,1,0.0755413086618,0.911479245885
0.010101010101,0,0.727272727273,0.60101010101,0.0326264064279,0.486079719201
0.14898989899,0,0.454545454545,0,0.0291906560968,0.553806472199
0.0707070707071,0.18018018018,0.727272727273,1,0.0621497947152,0.693700640838
0.242424242424,0.378378378378,0.0909090909091,0.60101010101,0.0870161045345,0.330576754328
0.14898989899,0.445945945946,0.454545454545,0,0.428849387538,0.234770122584
0.191919191919,0.0675675675676,1,1,0.0511390518198,0.488791980216
0.242424242424,0.554054054054,0.272727272727,0,0.714953907231,0.100167522004
0.14898989899,0,0.727272727273,0.60101010101,0.0326264064279,0.579147499136
0.242424242424,0,0.454545454545,0.199494949495,0.0264121992288,0.533757013322
0.0707070707071,0.301801801802,0.272727272727,0.60101010101,0.0829713277662,0.804983114846
0.040404040404,1,0,1,0.362297777969,0.82077804664
0.14898989899,0.693693693694,0.0909090909091,1,0.448645763436,0.593905389954
0.79797979798,0,0,0.199494949495,0.000478912326016,0.574520700933
0.242424242424,0.238738738739,0.727272727273,1,0.0826317347628,0.390086951897
0.14898989899,0.783783783784,0,0.60101010101,0.278740660891,0.550987848007
0.010101010101,0.0900900900901,0.727272727273,0.60101010101,0.0471390944327,0.502885101178
0.0707070707071,0.400900900901,0.272727272727,0.199494949495,0.207874323973,0.543515834818
0.393939393939,0,1,0.60101010101,0.0418910896622,0.348233041721
0.494949494949,0,1,0.60101010101,0.0418910896622,0.257824341213
0.00580808080808,0.238738738739,0.727272727273,0.199494949495,0.0989923603296,0.69963038796
0.116161616162,0.18018018018,0.727272727273,0,0.0808472338633,0.44749647672
0.010101010101,0.328828828829,0.727272727273,0,0.221795913293,0.714999867046
0.00580808080808,0.324324324324,0.454545454545,1,0.122731117948,0.673624591167
0.308080808081,0.328828828829,0.727272727273,0,0.221795913293,0.194352115298
0.242424242424,0,0.727272727273,0,0.0400464273627,0.455367351823
0.0909090909091,0,0.0909090909091,1,0.00585747940144,0.736033185311
0.191919191919,0.0900900900901,0.727272727273,0.199494949495,0.052836154926,0.447975111017
0.0151515151515,0.18018018018,1,1,0.078900176516,0.726859361289
0.116161616162,0.445945945946,0.454545454545,0.199494949495,0.395308976022,0.343420107959
0.116161616162,0.427927927928,0,1,0.0656062309145,0.866221714043
0.116161616162,0,0,1,0,0.806419017736
0.242424242424,0.554054054054,0.272727272727,1,0.575386354271,0.338447629431
0.242424242424,0.216216216216,0,1,0.00772187946696,0.85324540644
0.14898989899,0.887387387387,0.0909090909091,0.199494949495,0.622012301265,0.255909804026
0.116161616162,0.504504504505,0.0909090909091,1,0.235669235587,0.722232563087
0.242424242424,0,0.727272727273,0.60101010101,0.0326264064279,0.506022814901
0.0151515151515,0.243243243243,0.454545454545,0.199494949495,0.0767033373097,0.706171723349
0.00580808080808,0.572072072072,0,1,0.203068307254,0.520062754274
0.14898989899,0,0.0909090909091,0.199494949495,0.00674255875019,0.865743079746
0.14898989899,0.328828828829,0.727272727273,0,0.221795913293,0.261892732736
0.0909090909091,0.427927927928,0,0,0.0726261526812,0.721035977345
0.14898989899,0,0,1,0,0.894168638817
0,0.328828828829,0.727272727273,0.199494949495,0.20595226205,0.734145238918
0.030303030303,0.18018018018,1,0.199494949495,0.0930119034415,0.727072087643
0.0909090909091,0.18018018018,0.727272727273,0,0.0808472338633,0.497487169942
0.621212121212,0.121621621622,0.454545454545,1,0.0351285345728,0.256707527854
0.191919191919,0.121621621622,0.454545454545,1,0.0351285345728,0.615683250459
0.0530303030303,0,0.0909090909091,0,0.00709321869317,0.688435663573
0.0530303030303,0.135135135135,1,1,0.066480725994,0.644933124152
0.040404040404,0.0900900900901,0.727272727273,0.199494949495,0.052836154926,0.685164995878
0.191919191919,0,0.0909090909091,1,0.00585747940144,0.825644161991
0.040404040404,0.378378378378,0.0909090909091,1,0.0843717610455,0.706411040498
0.14898989899,0,0,0,0.000668670690597,0.846837025022
0.393939393939,0,0.727272727273,1,0.030042224339,0.389395591246
0.308080808081,0.702702702703,0.272727272727,0.199494949495,0.904110657811,0.021910814476
0.00252525252525,0.783783783784,0,0,0.297573420094,0.360996622969
0.0530303030303,0.301801801802,0.272727272727,0.60101010101,0.0829713277662,0.890871380328
0.040404040404,0.567567567568,0.454545454545,1,0.82597323821,0.4962905842
0.308080808081,0,1,0,0.0501973276685,0.276411306406
0,0.400900900901,0.272727272727,0.199494949495,0.207874323973,0.798787459781
0.0909090909091,0.243243243243,0.454545454545,0.60101010101,0.0677841080748,0.673465046401
0.0217171717172,0.445945945946,0.454545454545,0.60101010101,0.352403037665,0.636450660781
0.308080808081,0.121621621622,0.454545454545,1,0.0351285345728,0.493631504773
0.010101010101,0.554054054054,0.272727272727,0.199494949495,0.696874458397,0.661711915335
0.0707070707071,0.567567567568,0.454545454545,0.199494949495,1,0.196771877576
0.030303030303,0,0.272727272727,0.60101010101,0.015844478678,0.652538091313
0.116161616162,0,0,0.60101010101,0.000200101298697,0.70978807137
0.0707070707071,0.301801801802,0.272727272727,0.199494949495,0.0927429871545,0.638046108437
0.0530303030303,0.0900900900901,0.727272727273,1,0.0436062929031,0.676363442976
0.191919191919,0.783783783784,0,1,0.270697305793,0.590475177494
0.0530303030303,0,0.0909090909091,0.199494949495,0.00674255875019,0.685191586673
0.621212121212,0,0.0909090909091,0.199494949495,0.00674255875019,0.547983088255
0.010101010101,0.400900900901,0.272727272727,1,0.170798352812,0.923843965219
0.0707070707071,0,0.454545454545,1,0.0206534258952,0.698992208897
0.14898989899,0.400900900901,0.272727272727,1,0.170798352812,0.528704762411
0.030303030303,0.148648648649,0.272727272727,1,0.028055863842,0.736405456431
0.0530303030303,0.693693693694,0.0909090909091,0.60101010101,0.461843347368,0.707846943388
0.0530303030303,0.693693693694,0.0909090909091,0,0.492748034506,0.528492036057
0.0707070707071,0.572072072072,0,0.199494949495,0.217625987022,0.70723535512
0.0217171717172,0.572072072072,0,0.199494949495,0.217625987022,0.677719573484
0.0530303030303,0.572072072072,0,1,0.203068307254,0.788895684314
0.191919191919,0.135135135135,1,0.199494949495,0.0785498958139,0.356635732709
0.621212121212,0.216216216216,0,0.60101010101,0.00814568119236,0.577392506714
0,0,1,0,0.0501973276685,0.367351822799
0.0217171717172,0.445945945946,0.454545454545,0,0.428849387538,0.602786715239
0.0530303030303,0.238738738739,0.727272727273,1,0.0826317347628,0.797723828011
0.242424242424,0.18018018018,0.727272727273,0,0.0808472338633,0.334751509028
0.040404040404,0.301801801802,0.272727272727,0.199494949495,0.0927429871545,0.827904379504
0.0909090909091,0.243243243243,0.454545454545,0,0.0836753368151,0.515622091632
0.14898989899,0.0900900900901,0.727272727273,0,0.0572830994491,0.482543143564
0.14898989899,0.189189189189,0.0909090909091,1,0.0177070687301,0.806977424416
0.030303030303,0,0.272727272727,0,0.0189661485765,0.682665461217
0.0151515151515,0.554054054054,0.272727272727,0,0.714953907231,0.40649347196
0.242424242424,0.135135135135,1,0.60101010101,0.0710945365209,0.370383173345
0.00580808080808,0.887387387387,0.0909090909091,0.199494949495,0.622012301265,0.704230595368
0.393939393939,0.216216216216,0,0.60101010101,0.00814568119236,0.765921238067
0.308080808081,0.572072072072,0,0.199494949495,0.217625987022,0.526417954104
0.191919191919,0.216216216216,0,0,0.00913810295901,0.849522695243
0.0151515151515,0.702702702703,0.272727272727,1,0.746849792223,0.724811870131
0.0151515151515,0.427927927928,0,0.60101010101,0.0677068808334,0.523891828649
0.0530303030303,0,0.272727272727,0.199494949495,0.0183179913719,0.768234637169
0.0909090909091,0.189189189189,0.0909090909091,0.199494949495,0.0194138252414,0.776637328157
0.0707070707071,0.328828828829,0.727272727273,0,0.221795913293,0.416385247427
0.0707070707071,0.18018018018,0.727272727273,0.60101010101,0.0669794278006,0.661685324541
0.621212121212,0,0.0909090909091,0,0.00709321869317,0.41720956205
0.0217171717172,0.427927927928,0,1,0.0656062309145,0.594197888691
0.0151515151515,0.554054054054,0.272727272727,0.199494949495,0.696874458397,0.500571702077
0,0.783783783784,0,1,0.270697305793,0.242667588481
0.0530303030303,0.378378378378,0.0909090909091,0.60101010101,0.0870161045345,0.767729412078
0.00252525252525,0.324324324324,0.454545454545,0.199494949495,0.149818572869,0.641050868189
0.040404040404,0.427927927928,0,0.60101010101,0.0677068808334,0.716675087085
0.393939393939,0.243243243243,0.454545454545,0.60101010101,0.0677841080748,0.307043901401
0.0217171717172,0.702702702703,0.272727272727,1,0.746849792223,0.502778738001
0.14898989899,0.301801801802,0.272727272727,1,0.0755413086618,0.56048076156
0.191919191919,0.189189189189,0.0909090909091,0.199494949495,0.0194138252414,0.755896508629
0.030303030303,0.238738738739,0.727272727273,1,0.0826317347628,0.800382907437
0.0909090909091,0.0900900900901,0.727272727273,1,0.0436062929031,0.625309117983
0.116161616162,0.135135135135,1,0,0.0843717610455,0.431249501423
0.00580808080808,0.445945945946,0.454545454545,0,0.428849387538,0.676177307416
0.0909090909091,0,0.272727272727,1,0.013963616109,0.763554657378
0.14898989899,0.702702702703,0.272727272727,1,0.746849792223,0.348020315367
0.00252525252525,0.567567567568,0.454545454545,1,0.82597323821,0.701039700056
0.0909090909091,0.148648648649,0.272727272727,1,0.028055863842,0.815114207461
0.040404040404,0.702702702703,0.272727272727,0.199494949495,0.904110657811,0.421304544367
0.0909090909091,0.572072072072,0,1,0.203068307254,0.820272821549
0.0707070707071,0,0.0909090909091,1,0.00585747940144,0.699337889223
0.308080808081,0.18018018018,0.727272727273,0.199494949495,0.0747678295722,0.289015342888
0.308080808081,0.243243243243,0.454545454545,1,0.0622525345274,0.346504640094
0.010101010101,0.328828828829,0.727272727273,1,0.173066903028,0.95881085968
0.0707070707071,0.887387387387,0.0909090909091,1,0.581231835868,0.457228707421
0.308080808081,0.427927927928,0,0.60101010101,0.0677068808334,0.554205334113
0.00580808080808,1,0,1,0.362297777969,0.33177334007
0.040404040404,0.378378378378,0.0909090909091,0.60101010101,0.0870161045345,0.727045496849
0.242424242424,0.135135135135,1,0.199494949495,0.0785498958139,0.330044938442
0.621212121212,0,0.727272727273,1,0.030042224339,0.37875927354
0.030303030303,1,0,1,0.362297777969,0.527747493818
0.00252525252525,0.328828828829,0.727272727273,0.199494949495,0.20595226205,0.758076953759
0.00252525252525,0.504504504505,0.0909090909091,0.199494949495,0.252490294104,0.612917807855
