0.397260273973,0.322760155815,0.449775112444,0.464856230032,0.27950310559,0.20702070207,0.436527847466,0.0741758241758,0.528204482498
0.59497716895,0.525876460768,0,0.344249201278,0.360248447205,0.431143114311,0.405920722529,0.247252747253,0.969151347268
0.511415525114,0,0.689655172414,0.61661341853,0.341614906832,0,0.496738585048,0.0741758241758,0.482875849912
0.335844748858,0,0.493753123438,0.289936102236,0.39751552795,0.560456045605,0.740090316106,0.00549450549451,0.164064467389
0.481735159817,0.44796883695,0,0.448881789137,0.310559006211,0.34803480348,0.413948820873,0.0741758241758,0.630949383027
0.0949771689498,0,0.874062968516,0.292332268371,0.555900621118,0.425142514251,0.628449573507,0.0741758241758,0.164819944598
0.634703196347,0.264329437952,0,0.848242811502,0,0.39303930393,0,0.739010989011,0.488793754722
0.181278538813,0,0.834582708646,0.38178913738,0.23602484472,0.763876387639,0.461113898645,0.0741758241758,0.320322336943
0.502283105023,0,0,0.648562300319,0,0.519051905191,0.516808830908,0.0741758241758,0.287710904054
0.735159817352,0.0612131329994,0.659670164918,0.448881789137,0.26397515528,0.0630063006301,0.39136979428,0.151098901099,0.797909846386
0.506164383562,0.786867000556,0,0.495207667732,0.319875776398,0.425142514251,0.165328650276,0.0164835164835,0.597708385797
0.48401826484,0,0.564717641179,0.384984025559,0.310559006211,0.37203720372,0.474159558455,0.0741758241758,0.45492319315
0.48401826484,0.403450194769,0.564717641179,0.456869009585,0.248447204969,0.20402040204,0.240842950326,0.0741758241758,0.552757491816
0.482420091324,0.403450194769,0,0.452875399361,0.248447204969,0.198619861986,0.57701956849,0.0741758241758,0.486023671619
0.125570776256,0.656649972176,0,0.560702875399,0,0.403240324032,0.469643753136,0.244505494505,0.516872324352
0.888127853881,0.0723427935448,0.614692653673,0.632587859425,0.121118012422,0.0630063006301,0.263421976919,0.0164835164835,0.448123898262
0.86301369863,0,0,0.560702875399,0,0.405640564056,0.296537882589,0.244505494505,0.654621002266
0.743150684932,0.132164718976,0,0.848242811502,0,0.39303930393,0,0.0164835164835,0.412364643667
0.254566210046,0,0.870564717641,0.261980830671,0.363354037267,0.75397539754,0.45534370296,0.0741758241758,0.549106018635
0.252283105023,0,0.501749125437,0.299520766773,0.270186335404,0.620462046205,0.776718514802,0.0741758241758,0.369050616973
0.163242009132,0.139398998331,0.867066466767,0.343450479233,0.201863354037,0.615661566157,0.500501756147,0.271978021978,0.67652984135
0.62100456621,0.526432943795,0,0.385782747604,0.313664596273,0.375337533753,0.408178625188,0.0164835164835,0.552379753211
0.125570776256,0.595436839176,0.759620189905,0.624600638978,0.27950310559,0.0540054005401,0.275965880582,0.0741758241758,0.386804331403
0.0936073059361,0.471341124096,0.713143428286,0.550319488818,0.260869565217,0.499249924992,0.124184646262,0.0741758241758,0.345001259129
0.522831050228,0,0,0.560702875399,0,0.531053105311,0.579528349222,0.0741758241758,0.366658272475
0.623287671233,0.260990539789,0,0.038338658147,0.726708074534,0.153315331533,1,0.0741758241758,0.684588264921
0.954337899543,0,0,0.424920127796,0.16149068323,0.20702070207,0.529352734571,0.0741758241758,0.613069755729
0.474885844749,0,0,0.560702875399,0,0.507050705071,0.642247867536,0.244505494505,0.407328128935
0.337899543379,0,0.478260869565,0.523961661342,0.170807453416,0.467746774677,0.670346211741,0.151098901099,0.453286325863
0.908675799087,0,0,0.624600638978,0,0.972097209721,0.0476668339187,0.491758241758,0.613321581466
0.330593607306,0,0.625187406297,0.171725239617,0.372670807453,0.857485748575,0.519066733567,0.00549450549451,0.266809367917
0.521689497717,0.471897607123,0,0.583865814696,0.251552795031,0.0300030003,0.522579026593,0.0741758241758,0.683580961974
0.107305936073,0.656649972176,0,0.432907348243,0.403726708075,0.13801380138,0.750125439037,0.0741758241758,0.385671115588
0.59497716895,0.525876460768,0,0.344249201278,0.360248447205,0.431143114311,0.405920722529,0.247252747253,0.969151347268
0.0143835616438,0.451864218141,0,0.652555910543,0,0.411641164116,0.639739086804,0.244505494505,0.338705615714
0.182648401826,0.125765164162,0.609695152424,0.386581469649,0.254658385093,0.775277527753,0.46838936277,0.0741758241758,0.364391840846
0.691780821918,0,0,0.424920127796,0,0.957095709571,0.253386853989,0.0741758241758,0.629186602871
0.342465753425,0,0,0.504792332268,0,0.930093009301,0.476668339187,0.0741758241758,0.21858473936
0.851598173516,0,0.294852573713,0.161341853035,0.0590062111801,0.891089108911,0.117912694431,0.0741758241758,0.69126164694
0.0958904109589,0,0.874562718641,0.289137380192,0.55900621118,0.42604260426,0.627195183141,0.0741758241758,0.164819944598
0.837899543379,0.326099053979,0,0.127795527157,1,0.153315331533,0.618414450577,0.151098901099,0.843238478973
0.255251141553,0.272954924875,0.12243878061,0.478434504792,0.208074534161,0.795079507951,0.480431510286,0.00549450549451,0.1366154621
0.12100456621,0,0.714642678661,0.568690095847,0.27950310559,0.22802280228,0.687405920723,0.0741758241758,0.0933014354067
0.251141552511,0,0.623688155922,0.297124600639,0.242236024845,0.853285328533,0.515554440542,0.271978021978,0.572777637875
0.522831050228,0,0,0.560702875399,0,0.672067206721,0.569493226292,0.0741758241758,0.370309745656
0.456621004566,0,0,0.648562300319,0,0.519051905191,0.559458103362,0.491758241758,0.307353311508
0.148401826484,0.20979410128,0.834582708646,0.337060702875,0.245341614907,0.61896189619,0.441796287005,0.0741758241758,0.492067489297
0.395205479452,0,0.606696651674,0.301118210863,0.307453416149,0.757875787579,0.460361264425,0.271978021978,0.708637622765
0.305936073059,0,0,0.576677316294,0,0.501050105011,0.730055193176,0.0357142857143,0.132334424578
0.280821917808,0,0,0.472843450479,0,0.936093609361,0.599598595083,0.0164835164835,0.111306975573
0.424657534247,0.534223706177,0,0.560702875399,0,0.39303930393,0.310587054691,0.244505494505,0.606900025183
0.625570776256,0,0,0.741214057508,0,0.607560756076,0.422478675364,0.00549450549451,0.175648451272
0.0858447488584,0.582637729549,0,0.560702875399,0,0.738073807381,0.534119417963,0.00549450549451,0.0721480735331
0.664383561644,0,0,0.560702875399,0,0.41704170417,0.41144004014,0.0741758241758,0.469025434399
0.547945205479,0.105731775181,0,0.848242811502,0,0.39303930393,0.190667335675,0.739010989011,0.66393855452
0.684474885845,0.263494713411,0,0.20447284345,0.354037267081,0.437443744374,0.647516307075,0.247252747253,0.921304457316
0.59497716895,0.525876460768,0,0.344249201278,0.360248447205,0.431143114311,0.405920722529,0.00549450549451,0.415134726769
0.132420091324,0.695603784085,0,0.369009584665,0.372670807453,0.744074407441,0.235825388861,0.0741758241758,0.467388567112
0.794748858447,0.139120756817,0,0.624600638978,0.0931677018634,0.970297029703,0.0481685900652,0.0741758241758,0.466507177033
0.972602739726,0,0,0.504792332268,0.214285714286,0.35703570357,0.316106372303,0.0741758241758,0.686225132209
0.851598173516,0,0,0.321086261981,0.295031055901,0.729072907291,0.170597089814,0.0741758241758,0.70750440695
0.445662100457,0,0.587206396802,0.423322683706,0.295031055901,0.665466546655,0.400150526844,0.151098901099,0.624905565349
0.265296803653,0.151919866444,0.618690654673,0.151757188498,0.369565217391,0.824182418242,0.49849473156,0.151098901099,0.751196172249
0.330593607306,0,0.625187406297,0.171725239617,0.372670807453,0.857485748575,0.519066733567,0.0741758241758,0.631704860237
0.424657534247,0.534223706177,0,0.560702875399,0,0.39303930393,0.310587054691,0.00549450549451,0.173507932511
0.46803652968,0,0,0.568690095847,0,0.501050105011,0.546914199699,1,0.425837320574
0.116438356164,0.403450194769,0,0.448881789137,0.248447204969,0.597059705971,0.572002007025,0.0741758241758,0.210022664316
0.296347031963,0,0.607696151924,0.416932907348,0.208074534161,0.766276627663,0.462870045158,0.151098901099,0.508310249307
0.646118721461,0,0.679660169915,0.289137380192,0.621118012422,0.30603060306,0.436527847466,0.0741758241758,0.670108285067
0.287671232877,0.951864218141,0,0.510383386581,0,0.464446444644,0.201455092825,0.0164835164835,0.24666330899
0.474885844749,0,0,0.560702875399,0,0.633063306331,0.592072252885,0.00549450549451,0.119869050617
0.737442922374,0.295770728993,0,0.253194888179,0.512422360248,0.153315331533,0.735323632715,0.00549450549451,0.391211281793
0.0865296803653,0.368948247078,0.51624187906,0.626996805112,0.229813664596,0.34503450345,0.399899648771,0.0741758241758,0.429488793755
0.14200913242,0,1,0.474440894569,0.391304347826,0.144914491449,0.632212744606,0.0741758241758,0.160664819945
0.650684931507,0.0556483027268,0.469765117441,0.281150159744,0.444099378882,0.41104110411,0.629703963874,0.00549450549451,0.257114077059
0.673515981735,0,0,0.510383386581,0,0.718871887189,0.351981936779,0.0741758241758,0.387182070008
0.408675799087,0,0,0.512779552716,0,0.909090909091,0.451580531862,0.0164835164835,0.153235960715
0.579680365297,0,0.707646176912,0.571086261981,0.341614906832,0.001200120012,0.462619167085,0.0741758241758,0.485268194409
0.342465753425,0.269894268225,0.379810094953,0.576677316294,0.248447204969,0.10201020102,0.569493226292,0.0741758241758,0.391211281793
0.349315068493,0,0,0.560702875399,0,0.266426642664,0.88058203713,0.0164835164835,0.0993452530849
0.341095890411,0,0.591204397801,0.567891373802,0.180124223602,0.727872787279,0.40215755143,0.00549450549451,0.121505917905
0.201598173516,0,0.625687156422,0.320287539936,0.307453416149,0.861386138614,0.523331660813,0.151098901099,0.456182321833
0.341095890411,0,0.591204397801,0.567891373802,0.180124223602,0.727872787279,0.40215755143,0.151098901099,0.465122135482
0.566210045662,0,0,0.512779552716,0,0.747074707471,0.441545408931,0.0164835164835,0.22601359859
0.142922374429,0,0.751624187906,0.477635782748,0.363354037267,0.66696669667,0.338434520823,0.0741758241758,0.197683203223
0.109589041096,0.659432387312,0,0.416932907348,0.372670807453,0.804080408041,0.203211239338,0.0741758241758,0.441954167716
0.220547945205,0.368391764051,0,0.560702875399,0,0.532253225323,0.580782739589,0.00549450549451,0.0856207504407
0.785388127854,0.0667779632721,0.394802598701,0.321086261981,0.360248447205,0.49804980498,0.296036126443,0.0741758241758,0.529967262654
0.639269406393,0,0,0.512779552716,0,0.738073807381,0.363773206222,0.0741758241758,0.441828254848
0.18698630137,0.341124095715,0,0.652555910543,0,0.474647464746,0.516808830908,0.0164835164835,0.106522286578
0.625570776256,0,0,0.741214057508,0,0.607560756076,0.422478675364,0.151098901099,0.427726013599
0.310730593607,0,0.470264867566,0.518370607029,0.217391304348,0.446744674467,0.634721525339,0.0357142857143,0.294132460337
0.223744292237,0,0,0.464856230032,0,0.972097209721,0.629703963874,0.0164835164835,0.0693779904306
0.305936073059,0,0,0.568690095847,0,0.501050105011,0.730055193176,0.491758241758,0.274112314279
0.251369863014,0,0.607696151924,0.467252396166,0.17701863354,0.769876987699,0.464877069744,0.0741758241758,0.284185343742
0.111643835616,0,0.91904047976,0.357827476038,0.360248447205,0.570657065707,0.447064726543,0.0741758241758,0.166708637623
0.415525114155,0.0417362270451,0.704647676162,0.456869009585,0.170807453416,0.12301230123,0.519317611641,0.00549450549451,0.139385545203
0.46803652968,0,0,0.568690095847,0,0.501050105011,0.546914199699,0.00549450549451,0.128557038529
0.0981735159817,0.322760155815,0.594702648676,0.496805111821,0.17701863354,0.0960096009601,0.717511289513,0.0741758241758,0.337824225636
0.634703196347,0,0,0.848242811502,0,0.39303930393,0.190667335675,0.739010989011,0.6417778897
0.737442922374,0.295770728993,0,0.23642172524,0.577639751553,0.40504050405,0.526091319619,0.00549450549451,0.427726013599
0.673515981735,0,0,0.504792332268,0,0.717071707171,0.351229302559,0.0741758241758,0.462855703853
0.162100456621,0.322760155815,0,0.560702875399,0,0.437443744374,0.659307576518,0.0741758241758,0.276378745908
0.529680365297,0.0489705063996,0.789605197401,0.536741214058,0.475155279503,0.49804980498,0.09784244857,0.0741758241758,0.52883404684
0.452054794521,0,0.599700149925,0.720447284345,0.310559006211,0.23102310231,0.336176618164,0.0741758241758,0.270838579703
0.541095890411,0,0,0.600638977636,0,0.501050105011,0.469141996989,0.244505494505,0.413497859481
0.300913242009,0,0.472763618191,0.607827476038,0.142857142857,0.43804380438,0.647767185148,0.151098901099,0.318937295392
0.160730593607,0.0378408458542,0.861569215392,0.279552715655,0.127329192547,0.61596159616,0.658304064225,0.0741758241758,0.394862754974
0.152739726027,0.117417918753,0.621189405297,0.291533546326,0.335403726708,0.839483948395,0.507275464124,0.271978021978,0.576932762528
0.342694063927,0.270172509738,0.377811094453,0.575079872204,0.257763975155,0.103510351035,0.570496738585,0.0741758241758,0.391211281793
0.586757990868,0.0528658875904,0.704647676162,0.257188498403,0.33850931677,0.42304230423,0.519317611641,0.00549450549451,0.286955426845
0.743150684932,0.132164718976,0,0.848242811502,0,0.39303930393,0,1,0.520901536137
0.522831050228,0,0,0.560702875399,0,0.672067206721,0.569493226292,0.244505494505,0.447997985394
0.965753424658,0,0,0.536741214058,0,0.972097209721,0.0476668339187,0.739010989011,0.815663560816
0.0977168949772,0,0.667666166917,0.47124600639,0.344720496894,0.535553555356,0.545659809333,0.0741758241758,0.136867287837
0.954337899543,0,0,0.384984025559,0.16149068323,0.16201620162,0.654791771199,0.0741758241758,0.72966507177
0.737442922374,0.295770728993,0,0.23642172524,0.577639751553,0.40504050405,0.526091319619,0.151098901099,0.787836816923
0.461187214612,0.211463550362,0,0.848242811502,0,0.39303930393,0.190667335675,1,0.666456811886
0.541095890411,0,0,0.600638977636,0,0.501050105011,0.469141996989,0.0741758241758,0.374087131705
0.120547945205,0,0.713643178411,0.571086261981,0.282608695652,0.739273927393,0.257651781234,0.0741758241758,0.127549735583
0.149315068493,0.36143572621,0.64267866067,0.428913738019,0.242236024845,0.61596159616,0.382839939789,0.0357142857143,0.371191135734
0.59497716895,0.525876460768,0,0.344249201278,0.360248447205,0.431143114311,0.405920722529,0.00549450549451,0.415134726769
0.737442922374,0.295770728993,0,0.253194888179,0.512422360248,0.153315331533,0.735323632715,0.00549450549451,0.391211281793
0.737442922374,0.295770728993,0,0.253194888179,0.512422360248,0.153315331533,0.735323632715,0.151098901099,0.780282044825
0.461187214612,0.389538119087,0,0.73642172524,0.186335403727,0.28202820282,0.321123933768,0.0741758241758,0.39146310753
0.374429223744,0.317195325543,0,0.848242811502,0,0.39303930393,0.190667335675,1,0.636867287837
0.563926940639,0,0,0.560702875399,0,0.738073807381,0.531861515304,0.491758241758,0.487534626039
0.252511415525,0,0.501749125437,0.300319488818,0.32298136646,0.608460846085,0.777220270948,0.0741758241758,0.441576429111
0.474885844749,0.397885364496,0.554722638681,0.369009584665,0.683229813665,0.33903390339,0.143000501756,0.0741758241758,0.394862754974
0.374429223744,0.317195325543,0,0.848242811502,0,0.39303930393,0.190667335675,0.0741758241758,0.54797280282
0.274885844749,0,0.483258370815,0.539137380192,0.139751552795,0.498349834983,0.693176116407,0.0357142857143,0.278519264669
0.522831050228,0,0,0.560702875399,0,0.531053105311,0.579528349222,0.244505494505,0.43943591035
0.07100456621,0.584863661658,0,0.590255591054,0.0962732919255,0.445244524452,0.505017561465,0.0741758241758,0.335054142533
0.0319634703196,0.481357818587,0,0.560702875399,0,0.326432643264,0.747365780231,0.244505494505,0.361244019139
0.482420091324,0.729549248748,0,0.428913738019,0.267080745342,0.737773777378,0.0446562970396,0.0164835164835,0.50956937799
0.343607305936,0,0,0.510383386581,0,0.931893189319,0.477420973407,0.0164835164835,0.11521027449
0.46803652968,0,0,0.568690095847,0,0.501050105011,0.546914199699,0.491758241758,0.404935784437
0.292237442922,0,0.591204397801,0.588658146965,0.142857142857,0.685268526853,0.41294530858,0.0357142857143,0.223495341224
0.650684931507,0.0556483027268,0.469765117441,0.281150159744,0.360248447205,0.41104110411,0.629703963874,0.0164835164835,0.495341223873
0.113242009132,0,0.559220389805,0.5,0.245341614907,0.573057305731,0.556698444556,0.0741758241758,0.124024175271
0.464155251142,0.566221480245,0,0.652555910543,0,0.493249324932,0.0928248871049,0.0741758241758,0.516872324352
0.223744292237,0,0,0.464856230032,0,0.972097209721,0.629703963874,0.0741758241758,0.124905565349
0.271232876712,0.409571508069,0,0.510383386581,0,0.762076207621,0.377069744104,0.0164835164835,0.135482246286
0.223744292237,0.370061213133,0,0.560702875399,0,0.493249324932,0.53236327145,0.244505494505,0.515235457064
0.337899543379,0,0.478260869565,0.523961661342,0.170807453416,0.467746774677,0.670346211741,0.271978021978,0.503903298917
0.265296803653,0.151919866444,0.618690654673,0.151757188498,0.369565217391,0.824182418242,0.49849473156,0.00549450549451,0.315915386553
0.141552511416,0,0.999500249875,0.472843450479,0.403726708075,0.14401440144,0.632212744606,0.0741758241758,0.160664819945
0.266894977169,0,0.620189905047,0.293130990415,0.350931677019,0.833183318332,0.504014049172,0.0741758241758,0.351170989675
0.305936073059,0,0,0.576677316294,0,0.501050105011,0.730055193176,0.0741758241758,0.202593805087
0.0707762557078,0.584307178631,0,0.592651757188,0.0931677018634,0.44404440444,0.504264927245,0.0741758241758,0.361369932007
0.116666666667,0.403450194769,0.564717641179,0.452875399361,0.248447204969,0.198619861986,0.57701956849,0.0741758241758,0.300931755225
0.637899543379,0,0,0.510383386581,0,0.910891089109,0.477420973407,0.0164835164835,0.153739612188
0.646118721461,0,0,0.512779552716,0,0.49504950495,0.423983943803,0.00549450549451,0.155754218081
0.743150684932,0.132164718976,0,0.848242811502,0,0.39303930393,0,0.739010989011,0.512213548225
0.160730593607,0.0378408458542,0.861569215392,0.279552715655,0.127329192547,0.61596159616,0.658304064225,0.0357142857143,0.345253084865
0.251141552511,0,0.623688155922,0.297124600639,0.242236024845,0.853285328533,0.515554440542,0.0741758241758,0.455426844624
0.343150684932,0,0.493753123438,0.195686900958,0.44099378882,0.560456045605,0.740090316106,0.271978021978,0.738101233946
0.908675799087,0,0,0.145367412141,0.124223602484,0.49504950495,0.649774209734,0.0741758241758,0.821455552757
0.908904109589,0,0,0.624600638978,0.0931677018634,0.970297029703,0.0481685900652,0.0741758241758,0.526315789474
0.447488584475,0,0.534732633683,0.337060702875,0.403726708075,0.45604560456,0.476668339187,0.0741758241758,0.422185847394
0.429680365297,0.538397328881,0,0.510383386581,0,0.591659165917,0.276718514802,0.0164835164835,0.24590783178
0.59497716895,0.525876460768,0,0.344249201278,0.360248447205,0.431143114311,0.405920722529,0.0741758241758,0.868421052632
0.280821917808,0,0,0.472843450479,0,0.936093609361,0.599598595083,0.0741758241758,0.188995215311
0.0707762557078,0.556483027268,0,0.560702875399,0,0.379237923792,0.615153035625,0.244505494505,0.431377486779
0.785388127854,0.0667779632721,0.394802598701,0.321086261981,0.319875776398,0.49804980498,0.296036126443,0.151098901099,0.66028708134
0.291552511416,0,0.590704647676,0.586261980831,0.189440993789,0.681368136814,0.410436527847,0.00549450549451,0.13888189373
0.173515981735,0.361157484697,0.592703648176,0.464057507987,0.111801242236,0.61896189619,0.383341695936,0.0357142857143,0.40178796273
0.254566210046,0,0.870564717641,0.298722044728,0.363354037267,0.727872787279,0.446312092323,0.271978021978,0.637496852178
0.146347031963,0,0.816091954023,0.436900958466,0.139751552795,0.772877287729,0.46688409433,0.00549450549451,0.106144547973
0.25502283105,0.272954924875,0.12243878061,0.478434504792,0.214285714286,0.794479447945,0.480180632213,0.0357142857143,0.353311508436
0.395205479452,0,0.606696651674,0.301118210863,0.307453416149,0.757875787579,0.460361264425,0.0357142857143,0.458826492067
0.310730593607,0,0.470264867566,0.518370607029,0.217391304348,0.446744674467,0.634721525339,0.00549450549451,0.221606648199
0.445662100457,0,0.587206396802,0.423322683706,0.295031055901,0.665466546655,0.400150526844,0.271978021978,0.685091916394
0.474657534247,0.397328881469,0.555722138931,0.367412140575,0.686335403727,0.338733873387,0.143502257903,0.0741758241758,0.451901284311
0.735159817352,0.0612131329994,0.659670164918,0.448881789137,0.26397515528,0.24302430243,0.39136979428,0.00549450549451,0.3737093931
0.769406392694,0.492487479132,0,0.512779552716,0.344720496894,0.251725172517,0.285750125439,0.0164835164835,0.677033492823
0.577625570776,0.0528658875904,0.484757621189,0.185303514377,0.38198757764,0.49804980498,0.69493226292,0.0741758241758,0.668849156384
0.908675799087,0,0,0.624600638978,0,0.972097209721,0.0476668339187,0.00549450549451,0.298791236464
0.309360730594,0.66082359488,0,0.848242811502,0,0.39303930393,0,0.739010989011,0.454293628809
0.372146118721,0.308848080134,0.429785107446,0.584664536741,0.186335403727,0.0960096009601,0.491721023583,0.0741758241758,0.493704356585
0.650684931507,0.0556483027268,0.469765117441,0.281150159744,0.360248447205,0.41104110411,0.629703963874,0.0741758241758,0.558423570889
0.18698630137,0.341124095715,0,0.652555910543,0,0.474647464746,0.516808830908,0.244505494505,0.380256862251
0.362785388128,0.279632721202,0.391304347826,0.629392971246,0.267080745342,0.190519051905,0.420220772704,0.0741758241758,0.378619994963
0.399543378995,0,0,0.552715654952,0,0.501050105011,0.657300551932,0.491758241758,0.377738604885
0.908675799087,0,0,0.233226837061,0.27950310559,0.696069606961,0.153035624686,0.0741758241758,0.85003777386
0.152739726027,0.117417918753,0.621189405297,0.291533546326,0.335403726708,0.839483948395,0.507275464124,0.151098901099,0.463611181063
0.452054794521,0,0,0.496805111821,0,0.822082208221,0.504264927245,0.0164835164835,0.166834550491
0.182420091324,0.759042849193,0,0.510383386581,0,0.634263426343,0.301806322127,0.0741758241758,0.322462855704
0.86301369863,0,0,0.560702875399,0,0.405640564056,0.296537882589,0.0164835164835,0.405943087384
0.102739726027,0.319977740679,0.444777611194,0.640575079872,0.27950310559,0.17701770177,0.589563472153,0.0741758241758,0.222362125409
0.100228310502,0.641346688926,0,0.644568690096,0.105590062112,0.0780078007801,0.696939287506,0.0741758241758,0.382649206749
0.231735159817,0.377573734001,0,0.510383386581,0,0.825682568257,0.414701455093,0.0164835164835,0.121254092168
0.59497716895,0.525876460768,0,0.344249201278,0.360248447205,0.431143114311,0.405920722529,0.151098901099,0.943968773609
0.945205479452,0,0,0.321086261981,0.257763975155,0,0.521826392373,0.0741758241758,0.491563837824
0.851598173516,0,0,0.848242811502,0,0.39303930393,0,0.0164835164835,0.456685973306
0.150684931507,0.11713967724,0.818590704648,0,0.17701863354,0.773177317732,0.46688409433,0.00549450549451,0.068244774616
0.623287671233,0.260990539789,0,0.038338658147,0.726708074534,0.153315331533,1,0.151098901099,0.728657768824
0.785388127854,0.0667779632721,0.394802598701,0.321086261981,0.360248447205,0.49804980498,0.296036126443,0.151098901099,0.677537144296
0.577625570776,0.0528658875904,0.484757621189,0.185303514377,0.406832298137,0.49804980498,0.69493226292,0.0741758241758,0.525056660791
0.205479452055,0.801335559265,0,0.560702875399,0,0.386438643864,0.306322127446,0.0164835164835,0.241123142785
0.211643835616,0,0.502248875562,0.386581469649,0.232919254658,0.591059105911,0.772202709483,0.271978021978,0.528204482498
0.147945205479,0.696160267112,0,0.652555910543,0,0.523852385239,0.247365780231,0.244505494505,0.519264668849
0.248173515982,0.879521424597,0,0.510383386581,0,0.528052805281,0.239086803813,0.0741758241758,0.446738856711
0.128767123288,0,0.974012993503,0.781948881789,0.341614906832,0.290129012901,0.298294029102,0.0741758241758,0.0781918912113
0.146118721461,0.722593210907,0,0.490415335463,0.394409937888,0.173417341734,0.584044154541,0.0741758241758,0.448123898262
0.474885844749,0,0,0.560702875399,0,0.507050705071,0.642247867536,0.0741758241758,0.322211029967
0.337899543379,0,0.478260869565,0.55910543131,0.164596273292,0.443744374437,0.660311088811,0.0357142857143,0.281163434903
0.623287671233,0.260990539789,0,0.038338658147,0.726708074534,0.153315331533,1,0.00549450549451,0.335809619743
0.143835616438,0.357540345019,0.660169915042,0.42571884984,0.251552795031,0.614461446145,0.382839939789,0.00549450549451,0.215185091916
0.160730593607,0.0378408458542,0.861569215392,0.279552715655,0.127329192547,0.61596159616,0.658304064225,0.00549450549451,0.238730798288
0.125570776256,0.656649972176,0,0.560702875399,0,0.403240324032,0.469643753136,0.0164835164835,0.183329136238
1,0,0,0.408945686901,0,0.972097209721,0.0476668339187,0.739010989011,0.904558045832
0.442922374429,0,0.534732633683,0.792332268371,0.341614906832,0.0540054005401,0.461615654792,0.0741758241758,0.366280533871
0.310502283105,0,0,0.504792332268,0,0.951095109511,0.48921224285,0.0741758241758,0.191513472677
0.39497716895,0,0,0.488817891374,0,0.861086108611,0.536879076769,0.0741758241758,0.27914882901
0.338356164384,0.464106844741,0,0.652555910543,0,0.529852985299,0.25112895133,0.0741758241758,0.436036262906
0.4,0.272120200334,0.12243878061,0.310702875399,0.347826086957,0.782178217822,0.472905168088,0.151098901099,0.812012087635
0.602739726027,0.520311630495,0,0.555111821086,0.204968944099,0.0699069906991,0.408680381335,0.0741758241758,0.80055401662
0.265296803653,0.151919866444,0.618690654673,0.151757188498,0.369565217391,0.824182418242,0.49849473156,0.271978021978,0.770586753966
0.415525114155,0.0417362270451,0.704647676162,0.456869009585,0.170807453416,0.12301230123,0.519317611641,0.151098901099,0.531226391337
0.301369863014,0.434056761269,0,0.536741214058,0.183229813665,0.540054005401,0.416457601606,0.0741758241758,0.465499874087
0.254566210046,0,0.870564717641,0.298722044728,0.363354037267,0.727872787279,0.446312092323,0.00549450549451,0.167212289096
0.337899543379,0,0.478260869565,0.55910543131,0.164596273292,0.443744374437,0.660311088811,0.271978021978,0.48891966759
0.664383561644,0,0,0.560702875399,0,0.418841884188,0.480682388359,0.00549450549451,0.212415008814
0.274885844749,0,0.483258370815,0.539137380192,0.139751552795,0.498349834983,0.693176116407,0.00549450549451,0.116469403173
0.737442922374,0.295770728993,0,0.253194888179,0.512422360248,0.153315331533,0.735323632715,0.0741758241758,0.729790984639
0.338356164384,0.464106844741,0,0.652555910543,0,0.529852985299,0.25112895133,0.0164835164835,0.214303701838
0.735159817352,0.0612131329994,0.659670164918,0.369009584665,0.276397515528,0.0630063006301,0.39136979428,0.0164835164835,0.477965248048
0.743150684932,0.132164718976,0,0.848242811502,0,0.39303930393,0,0.491758241758,0.497481742634
0.300913242009,0,0.472763618191,0.607827476038,0.142857142857,0.43804380438,0.647767185148,0.00549450549451,0.101359858978
0.39497716895,0,0,0.488817891374,0,0.861086108611,0.536879076769,0.0164835164835,0.149458574666
0.851598173516,0,0,0.848242811502,0,0.39303930393,0,0.0741758241758,0.465373961219
0.337899543379,0,0,0.480830670927,0,0.897089708971,0.566984445559,0.0164835164835,0.130949383027
0.310502283105,0,0,0.512779552716,0,0.954095409541,0.48921224285,0.0164835164835,0.122387307983
0.291552511416,0,0.590704647676,0.586261980831,0.189440993789,0.681368136814,0.410436527847,0.0357142857143,0.251699823722
0.163926940639,0.259877573734,0.799100449775,0.403354632588,0.301242236025,0.618661866187,0.382839939789,0.00549450549451,0.16985645933
0.149315068493,0.36143572621,0.64267866067,0.428913738019,0.242236024845,0.61596159616,0.382839939789,0.271978021978,0.646310752959
0.200913242009,0.528658875904,0,0.848242811502,0,0.39303930393,0.190667335675,0.244505494505,0.503651473181
0.0958904109589,0.378408458542,0.529735132434,0.448881789137,0.217391304348,0.4200420042,0.451580531862,0.0741758241758,0.299798539411
0.0143835616438,0.451864218141,0,0.652555910543,0,0.411641164116,0.639739086804,0.0164835164835,0.0678670360111
0.148401826484,0.20979410128,0.834582708646,0.337060702875,0.245341614907,0.61896189619,0.441796287005,0.151098901099,0.643792495593
0.650684931507,0.0556483027268,0.469765117441,0.281150159744,0.431677018634,0.41104110411,0.629703963874,0.00549450549451,0.291866028708
0.143835616438,0,0.71764117941,0.335463258786,0,0.613861386139,0.769944806824,0.151098901099,0.430999748174
0.406392694064,0.358931552588,0.499750124938,0.400958466454,0.27950310559,0.0720072007201,0.529352734571,0.0741758241758,0.635734072022
0.851598173516,0,0,0.848242811502,0,0.39303930393,0,0.491758241758,0.507302946361
0.146118721461,0.723427935448,0,0.488817891374,0.403726708075,0.17401740174,0.584545910687,0.0741758241758,0.447997985394
0.0707762557078,0.556483027268,0,0.560702875399,0,0.379237923792,0.615153035625,0.00549450549451,0.0572903550743
0.173515981735,0.361157484697,0.592703648176,0.464057507987,0.111801242236,0.61896189619,0.383341695936,0.0741758241758,0.463737093931
0.291552511416,0,0.590704647676,0.586261980831,0.189440993789,0.681368136814,0.410436527847,0.151098901099,0.365399143792
0.851598173516,0.330550918197,0,0.473642172524,0.276397515528,0.153315331533,0.470396387356,0.0741758241758,0.830647192143
0.211643835616,0,0.502248875562,0.349840255591,0.232919254658,0.616261626163,0.782488710487,0.0741758241758,0.294510198942
0.563926940639,0,0,0.560702875399,0,0.765076507651,0.539387857501,0.0164835164835,0.0841097960212
0.452054794521,0,0,0.496805111821,0,0.822082208221,0.504264927245,0.0741758241758,0.30873835306
0.851598173516,0.330550918197,0,0.473642172524,0.276397515528,0.153315331533,0.470396387356,0.151098901099,0.881012339461
0.152739726027,0.117417918753,0.621189405297,0.291533546326,0.335403726708,0.839483948395,0.507275464124,0.0357142857143,0.266683455049
0.254566210046,0,0.870564717641,0.261980830671,0.363354037267,0.75397539754,0.45534370296,0.151098901099,0.618232183329
0.958904109589,0,0,0.193290734824,0,0.28502850285,0.757651781234,0.0741758241758,0.914882901032
0.310730593607,0,0.470264867566,0.518370607029,0.217391304348,0.446744674467,0.634721525339,0.151098901099,0.469151347268
0.511415525114,0.461880912632,0,0.416932907348,0.27950310559,0.24302430243,0.491721023583,0.0741758241758,0.741626794258
0.292237442922,0,0.591204397801,0.588658146965,0.142857142857,0.685268526853,0.41294530858,0.271978021978,0.415638378242
0.633561643836,0.420701168614,0,0.256389776358,0.493788819876,1,0.0275965880582,0.151098901099,0.661923948628
0.129680365297,0.662771285476,0,0.510383386581,0,0.718871887189,0.351981936779,0.0164835164835,0.0917904809872
0.481735159817,0.403450194769,0,0.0415335463259,0.248447204969,0.597059705971,0.572002007025,0.0741758241758,0.531226391337
0.420776255708,0.55898720089,0,0.182907348243,0.347826086957,0.610861086109,0.526091319619,0.0164835164835,0.449131201209
0.330593607306,0,0.625187406297,0.171725239617,0.372670807453,0.857485748575,0.519066733567,0.271978021978,0.806975572904
0.474885844749,0,0,0.560702875399,0,0.507050705071,0.642247867536,0.986263736264,0.45051624276
0.502739726027,0,0.577711144428,0.592651757188,0.32298136646,0.0507050705071,0.550426492725,0.0741758241758,0.363258625031
0.623287671233,0.260990539789,0,0.038338658147,0.726708074534,0.153315331533,1,0.247252747253,0.757617728532
0.586757990868,0.0528658875904,0.704647676162,0.257188498403,0.33850931677,0.42304230423,0.519317611641,0.0164835164835,0.456811886175
0.399543378995,0.324986087924,0.454772613693,0.549520766773,0.217391304348,0.436543654365,0.179628700452,0.0741758241758,0.519390581717
0.541095890411,0,0,0.600638977636,0,0.501050105011,0.469141996989,0.491758241758,0.429614706623
0.735159817352,0.0612131329994,0.659670164918,0.369009584665,0.276397515528,0.0630063006301,0.39136979428,0.00549450549451,0.374968521783
0.25502283105,0,0.873063468266,0.26357827476,0.316770186335,0.757575757576,0.45760160562,0.271978021978,0.601233946109
0.945205479452,0,0,0.321086261981,0.254658385093,0,0.521826392373,0.0741758241758,0.491563837824
0.395205479452,0,0.606696651674,0.301118210863,0.307453416149,0.757875787579,0.460361264425,0.151098901099,0.686476957945
0.205479452055,0.801335559265,0,0.560702875399,0,0.386438643864,0.306322127446,0.0741758241758,0.465751699824
0.445662100457,0,0.587206396802,0.423322683706,0.295031055901,0.665466546655,0.400150526844,0.0741758241758,0.567489297406
1,0,0,0.408945686901,0,0.972097209721,0.0476668339187,0.00549450549451,0.494963485268
0.526255707763,0.396494156928,0,0.848242811502,0,0.39303930393,0,0.244505494505,0.445605640896
0.266894977169,0,0.620189905047,0.293130990415,0.350931677019,0.833183318332,0.504014049172,0.00549450549451,0.163812641652
0.251141552511,0.393155258765,0,0.652555910543,0,0.517251725173,0.39136979428,0.0164835164835,0.159909342735
0.634703196347,0,0,0.848242811502,0,0.39303930393,0.190667335675,0.244505494505,0.636867287837
0.116438356164,0.403450194769,0.564717641179,0.448881789137,0.248447204969,0.603060306031,0.238334169594,0.0741758241758,0.29249559305
0.343150684932,0,0.493753123438,0.195686900958,0.44099378882,0.560456045605,0.740090316106,0.151098901099,0.673633845379
0.488812785388,0.586254869226,0,0.510383386581,0,0.528052805281,0.239086803813,0.0741758241758,0.457945101989
0.147945205479,0.696160267112,0,0.652555910543,0,0.523852385239,0.247365780231,0.0741758241758,0.398136489549
0.182648401826,0.125765164162,0.609695152424,0.386581469649,0.254658385093,0.775277527753,0.46838936277,0.0357142857143,0.241374968522
0.341095890411,0,0.591204397801,0.532747603834,0.198757763975,0.682268226823,0.410687405921,0.0741758241758,0.381893729539
0.200913242009,0.528658875904,0,0.848242811502,0,0.39303930393,0.190667335675,1,0.646688491564
0.762557077626,0,0,0.768370607029,0,0.112211221122,0.315353738083,0.0741758241758,0.270964492571
0.743150684932,0.132164718976,0,0.848242811502,0,0.39303930393,0,0.0741758241758,0.441954167716
0.650684931507,0.0556483027268,0.469765117441,0.281150159744,0.431677018634,0.41104110411,0.629703963874,0.151098901099,0.574666330899
0.211643835616,0,0.502248875562,0.386581469649,0.232919254658,0.591059105911,0.772202709483,0.151098901099,0.51699823722
0.143835616438,0,0.749625187406,0.480830670927,0.372670807453,0.666066606661,0.338685398896,0.0741758241758,0.197683203223
0.680365296804,0,0,0.520766773163,0,0.672067206721,0.378825890617,0.0741758241758,0.520901536137
0.143835616438,0.357540345019,0.660169915042,0.42571884984,0.251552795031,0.614461446145,0.382839939789,0.0741758241758,0.554772097708
0.341095890411,0,0.591204397801,0.532747603834,0.198757763975,0.682268226823,0.410687405921,0.271978021978,0.52732309242
0.129223744292,0.414301613801,0.579710144928,0.42571884984,0.465838509317,0.456945694569,0.315353738083,0.0741758241758,0.319189121128
0.625570776256,0,0,0.741214057508,0,0.607560756076,0.422478675364,0.271978021978,0.512843112566
0.192237442922,0.34529771842,0,0.510383386581,0,0.847284728473,0.427245358756,0.0741758241758,0.192268949887
0.0707762557078,0.556483027268,0,0.560702875399,0,0.379237923792,0.615153035625,0.0741758241758,0.321581465626
0.337899543379,0,0.478260869565,0.55910543131,0.164596273292,0.443744374437,0.660311088811,0.00549450549451,0.0775623268698
0.342465753425,0,0,0.512779552716,0,0.930093009301,0.476668339187,0.0164835164835,0.115084361622
0.586757990868,0.0528658875904,0.704647676162,0.257188498403,0.33850931677,0.42304230423,0.519317611641,0.0741758241758,0.763157894737
0.673515981735,0,0,0.512779552716,0,0.717071707171,0.351229302559,0.0741758241758,0.435784437169
0.305936073059,0,0,0.568690095847,0,0.501050105011,0.730055193176,1,0.286451775371
0.228310502283,0.0306065664997,0.704647676162,0.672523961661,0.0527950310559,0.42304230423,0.519317611641,0.151098901099,0.263409720473
0.251141552511,0.393155258765,0,0.652555910543,0,0.517251725173,0.39136979428,0.00549450549451,0.0564089649962
0.0470319634703,0.511686143573,0,0.652555910543,0,0.471647164716,0.517059708981,0.0741758241758,0.276504658776
0.541095890411,0,0,0.504792332268,0,0.777077707771,0.40140491721,0.0741758241758,0.369176529841
0.181278538813,0,0.834582708646,0.38178913738,0.23602484472,0.763876387639,0.461113898645,0.00549450549451,0.142155628305
0.266894977169,0,0.620189905047,0.293130990415,0.350931677019,0.833183318332,0.504014049172,0.151098901099,0.439939561823
0.737442922374,0.295770728993,0,0.253194888179,0.512422360248,0.153315331533,0.735323632715,0.0741758241758,0.729790984639
0.481050228311,0,0,0.449680511182,0.248447204969,0.596159615962,0.572503763171,0.0741758241758,0.286703601108
0.654337899543,0.270172509738,0,0.288338658147,0.375776397516,0.153315331533,0.832162568991,0.00549450549451,0.324477461597
0.408675799087,0,0,0.512779552716,0,0.909090909091,0.451580531862,0.0741758241758,0.253210778142
0.291552511416,0,0.590704647676,0.586261980831,0.189440993789,0.681368136814,0.410436527847,0.271978021978,0.485142281541
0.091095890411,0.463550361714,0.648175912044,0.412939297125,0.33850931677,0.244824482448,0.479929754139,0.0741758241758,0.532359607152
0.252283105023,0,0.501749125437,0.299520766773,0.270186335404,0.620462046205,0.776718514802,0.0357142857143,0.301939058172
0.737442922374,0.295770728993,0,0.253194888179,0.512422360248,0.153315331533,0.735323632715,0.0164835164835,0.590153613699
0.423059360731,0.335281023929,0.469265367316,0.525559105431,0.285714285714,0.310231023102,0.255644756648,0.0741758241758,0.52216066482
0.305936073059,0.436839176405,0,0.560702875399,0,0.514851485149,0.389111891621,0.00549450549451,0.141526063964
0.0319634703196,0.481357818587,0,0.560702875399,0,0.326432643264,0.747365780231,0.0164835164835,0.097708385797
0.187214611872,0.239287701725,0.949525237381,0.728434504792,0.186335403727,0.36603660366,0.0727546412444,0.0741758241758,0.259380508688
0.118721461187,0.484140233723,0.924537731134,0.848242811502,0.217391304348,0.13201320132,0.0451580531862,0.0741758241758,0.277134223118
0.310502283105,0,0,0.512779552716,0,0.954095409541,0.48921224285,0.0741758241758,0.191513472677
0.205479452055,0.801335559265,0,0.560702875399,0,0.386438643864,0.306322127446,0.00549450549451,0.131704860237
0.109589041096,0.658875904285,0,0.415335463259,0.369565217391,0.80498049805,0.202709483191,0.0741758241758,0.441954167716
0.34703196347,0,0,0.608626198083,0,0.501050105011,0.67486201706,1,0.345756736338
0.115753424658,0.402615470228,0,0.449680511182,0.248447204969,0.596159615962,0.572503763171,0.0741758241758,0.210022664316
0.211643835616,0,0.502248875562,0.386581469649,0.232919254658,0.591059105911,0.772202709483,0.0741758241758,0.439939561823
0.426940639269,0,0,0.560702875399,0,0.336633663366,0.755895634722,0.0741758241758,0.292621505918
0.118721461187,0.400667779633,0.55972013993,0.784345047923,0.310559006211,0.36603660366,0.160561966884,0.0741758241758,0.178418534374
0.18698630137,0.341124095715,0,0.652555910543,0,0.474647464746,0.516808830908,0.00549450549451,0.0323596071519
0.104566210046,0.487200890373,0,0.394568690096,0.0683229813665,0.597059705971,0.588309081786,0.0741758241758,0.309619743138
0.343150684932,0,0.493753123438,0.195686900958,0.44099378882,0.560456045605,0.740090316106,0.0357142857143,0.503147821707
0.12100456621,0.511964385086,0.714642678661,0.576677316294,0.27950310559,0.23702370237,0.263421976919,0.0741758241758,0.335683706875
0.0860730593607,0.456037840846,0.638180909545,0.917731629393,0.180124223602,0.202820282028,0.154540893126,0.0741758241758,0.414253336691
0.547945205479,0.105731775181,0,0.848242811502,0,0.39303930393,0.190667335675,1,0.677537144296
0.657305936073,0.525876460768,0,0.19249201278,0.683229813665,0.431143114311,0.405920722529,0.151098901099,0.970410475951
0.4,0.272120200334,0.12243878061,0.310702875399,0.347826086957,0.782178217822,0.472905168088,0.0357142857143,0.571392596323
0.341095890411,0,0.591204397801,0.532747603834,0.180124223602,0.682268226823,0.410687405921,0.271978021978,0.519390581717
0.965753424658,0,0,0.536741214058,0,0.972097209721,0.0476668339187,0.00549450549451,0.396247796525
0.337899543379,0.500834724541,0.474762618691,0.297124600639,0.295031055901,0.17701770177,0.516808830908,0.0741758241758,0.825232938806
0.526255707763,0.396494156928,0,0.848242811502,0,0.39303930393,0,0.739010989011,0.477713422312
0.252511415525,0,0.501749125437,0.300319488818,0.32298136646,0.608460846085,0.777220270948,0.151098901099,0.529715436918
0.149315068493,0.36143572621,0.64267866067,0.428913738019,0.242236024845,0.61596159616,0.382839939789,0.151098901099,0.62188365651
0.623287671233,0,0,0.512779552716,0,0.711071107111,0.41144004014,0.0741758241758,0.451775371443
0.231735159817,0.849471341124,0,0.652555910543,0,0.487248724872,0.0903161063723,0.0164835164835,0.216696046336
0.506164383562,0.786867000556,0,0.495207667732,0.319875776398,0.425142514251,0.165328650276,0.00549450549451,0.326995718962
0.248173515982,0.879521424597,0,0.510383386581,0,0.528052805281,0.239086803813,0.0164835164835,0.245404180307
0.296347031963,0,0.607696151924,0.416932907348,0.208074534161,0.766276627663,0.462870045158,0.0741758241758,0.395366406447
0.737442922374,0.295770728993,0,0.23642172524,0.577639751553,0.40504050405,0.526091319619,0.247252747253,0.810501133216
0.155936073059,0.432665553701,0,0.510383386581,0,0.676867686769,0.326894129453,0.0741758241758,0.294636111811
0.965753424658,0,0,0.536741214058,0,0.972097209721,0.0476668339187,0.491758241758,0.750314782171
0.399543378995,0.325542570952,0.454772613693,0.552715654952,0.217391304348,0.43504350435,0.180632212745,0.0741758241758,0.519264668849
0,0.42570951586,0,0.560702875399,0,0.25802580258,0.873055694932,0.244505494505,0.291236464367
0.343150684932,0,0.493753123438,0.195686900958,0.44099378882,0.560456045605,0.740090316106,0.0741758241758,0.607781415261
0.482420091324,0,0.564717641179,0.452875399361,0.248447204969,0.602760276028,0.237581535374,0.0741758241758,0.434021657013
0.120547945205,0.510294936004,0,0.571086261981,0.282608695652,0.739273927393,0.257651781234,0.0741758241758,0.200956937799
0.182648401826,0.125765164162,0.609695152424,0.386581469649,0.254658385093,0.775277527753,0.46838936277,0.271978021978,0.58348023168
0,0.42570951586,0,0.560702875399,0,0.25802580258,0.873055694932,0.0164835164835,0.0673633845379
0.292237442922,0,0.591204397801,0.588658146965,0.142857142857,0.685268526853,0.41294530858,0.151098901099,0.36779148829
0.442465753425,0,0,0.510383386581,0,0.871287128713,0.439789262418,0.0164835164835,0.157516998237
0.737442922374,0.295770728993,0,0.23642172524,0.577639751553,0.40504050405,0.526091319619,0.0741758241758,0.748803827751
0.31095890411,0.441847523651,0,0.510383386581,0,0.718871887189,0.351981936779,0.0164835164835,0.168219592042
0.62100456621,0,0,0.544728434505,0.217391304348,0.636063606361,0.341194179629,0.0741758241758,0.46235205238
0.4,0.272120200334,0.12243878061,0.310702875399,0.347826086957,0.782178217822,0.472905168088,0.00549450549451,0.354066985646
0.461187214612,0.211463550362,0,0.848242811502,0,0.39303930393,0.190667335675,0.739010989011,0.655376479476
0.30799086758,0.255147468002,0.35732133933,0.999201277955,0.186335403727,0.155715571557,0.254390366282,0.0741758241758,0.331150843616
0.522831050228,0.473010573178,0,0.584664536741,0.248447204969,0.0300030003,0.521826392373,0.0741758241758,0.683455049106
0.201598173516,0,0.625687156422,0.357827476038,0.307453416149,0.834083408341,0.514049172102,0.0741758241758,0.283555779401
0.888127853881,0.0723427935448,0.614692653673,0.70447284345,0.121118012422,0.24302430243,0.263421976919,0.151098901099,0.720977083858
0.602739726027,0.520311630495,0,0.552715654952,0.217391304348,0.0690069006901,0.408931259408,0.0741758241758,0.80055401662
0.100456621005,0.639955481358,0,0.640575079872,0.0931677018634,0.0780078007801,0.697441043653,0.0741758241758,0.386930244271
0.0858447488584,0.582637729549,0,0.560702875399,0,0.738073807381,0.534119417963,0.0741758241758,0.326240241753
0.0769406392694,0.566221480245,0,0.510383386581,0,0.825682568257,0.414701455093,0.0164835164835,0.0652228657769
0.735159817352,0.0612131329994,0.659670164918,0.369009584665,0.276397515528,0.0630063006301,0.39136979428,0.0741758241758,0.878494082095
0.337899543379,0,0.478260869565,0.55910543131,0.164596273292,0.443744374437,0.660311088811,0.0741758241758,0.313397129187
0.399543378995,0,0,0.552715654952,0,0.501050105011,0.657300551932,0.00549450549451,0.113699320071
0.257762557078,0.149693934335,0.609195402299,0.269968051118,0.298136645963,0.6399639964,0.468138484696,0.151098901099,0.650088139008
0.4,0.272120200334,0.12243878061,0.310702875399,0.347826086957,0.782178217822,0.472905168088,0.0741758241758,0.765676152103
0.650684931507,0.0556483027268,0.469765117441,0.281150159744,0.360248447205,0.41104110411,0.629703963874,0.00549450549451,0.408461344749
0.113698630137,0.495548135782,0.693153423288,0.365015974441,0.568322981366,0.42904290429,0.252383341696,0.0741758241758,0.42835557794
0.0981735159817,0,0.894552723638,0.640575079872,0.248447204969,0.0690069006901,0.689914701455,0.0741758241758,0.10337446487
0.908675799087,0,0,0.624600638978,0,0.972097209721,0.0476668339187,0.739010989011,0.665197683203
0.200913242009,0.528658875904,0,0.848242811502,0,0.39303930393,0.190667335675,0.0741758241758,0.485142281541
0.785388127854,0.0667779632721,0.394802598701,0.321086261981,0.360248447205,0.49804980498,0.296036126443,0.0164835164835,0.62553512969
0.292237442922,0,0.591204397801,0.588658146965,0.142857142857,0.685268526853,0.41294530858,0.00549450549451,0.0969529085873
0.115525114155,0.664162493044,0,0.624600638978,0.195652173913,0.602460246025,0.225539387858,0.0741758241758,0.308864265928
0.673515981735,0,0,0.510383386581,0,0.718871887189,0.351981936779,0.0164835164835,0.291110551498
0.442922374429,0,0.533233383308,0.79552715655,0.326086956522,0.0546054605461,0.462619167085,0.0741758241758,0.366280533871
0.202511415525,0,0.626686656672,0.321884984026,0.242236024845,0.867086708671,0.526843953838,0.151098901099,0.415638378242
0.664383561644,0,0,0.560702875399,0,0.418841884188,0.480682388359,0.244505494505,0.585746663309
0.107305936073,0.386755703951,0.544727636182,0.568690095847,0.186335403727,0.27302730273,0.466633216257,0.0741758241758,0.268949886678
0.309360730594,0.66082359488,0,0.848242811502,0,0.39303930393,0,0.491758241758,0.427096449257
0.46803652968,0,0,0.568690095847,0,0.501050105011,0.546914199699,0.244505494505,0.385167464115
0.220547945205,0.368391764051,0,0.560702875399,0,0.532253225323,0.580782739589,0.491758241758,0.495970788215
0.769406392694,0.492487479132,0,0.512779552716,0.344720496894,0.251725172517,0.285750125439,0.00549450549451,0.465499874087
0.211643835616,0,0.502248875562,0.349840255591,0.232919254658,0.616261626163,0.782488710487,0.151098901099,0.398262402418
0.360730593607,0.28102392877,0.389805097451,0.392971246006,0.310559006211,0.40504050405,0.423983943803,0.0741758241758,0.597330647192
0.231735159817,0.377573734001,0,0.510383386581,0,0.825682568257,0.414701455093,0.0741758241758,0.255603122639
0.62100456621,0.526432943795,0,0.385782747604,0.313664596273,0.375337533753,0.408178625188,0.151098901099,0.768949886678
0.538584474886,0.525876460768,0,0.424121405751,0.295031055901,0.431143114311,0.405920722529,0.247252747253,0.824351548728
0.538584474886,0.525876460768,0,0.424121405751,0.295031055901,0.431143114311,0.405920722529,0.00549450549451,0.274112314279
0.305936073059,0.436839176405,0,0.560702875399,0,0.514851485149,0.389111891621,0.0741758241758,0.384663812642
0.474885844749,0,0,0.560702875399,0,0.633063306331,0.592072252885,0.244505494505,0.420926718711
0.108447488584,0.656649972176,0,0.431309904153,0.391304347826,0.137413741374,0.749372804817,0.0741758241758,0.385671115588
0.527397260274,0,0,0.560702875399,0,0.390639063906,0.623682890115,0.00549450549451,0.167338201964
0.0858447488584,0.582637729549,0,0.560702875399,0,0.738073807381,0.534119417963,0.986263736264,0.533492822967
0.220547945205,0.368391764051,0,0.560702875399,0,0.532253225323,0.580782739589,0.986263736264,0.528456308235
0.415525114155,0.33305509182,0,0.371405750799,0.223602484472,0.508250825083,0.502257902659,0.0741758241758,0.486023671619
0.493150684932,0,0.629685157421,0.70447284345,0.186335403727,0.1800180018,0.358755644757,0.0741758241758,0.475069252078
0.143835616438,0.357540345019,0.660169915042,0.42571884984,0.251552795031,0.614461446145,0.382839939789,0.271978021978,0.663434903047
0.305936073059,0,0,0.576677316294,0,0.501050105011,0.730055193176,0.00549450549451,0.0521279274742
0.460273972603,0.389259877574,0,0.732428115016,0.192546583851,0.283528352835,0.322378324134,0.0741758241758,0.39146310753
0.456621004566,0,0,0.648562300319,0,0.519051905191,0.559458103362,0.0741758241758,0.244522790229
0.337899543379,0,0.478260869565,0.523961661342,0.170807453416,0.467746774677,0.670346211741,0.0741758241758,0.338579702846
0.796803652968,0,0,0.345047923323,0.350931677019,0.687068706871,0.378825890617,0.0741758241758,0.962855703853
0.634703196347,0.264329437952,0,0.848242811502,0,0.39303930393,0,0.491758241758,0.483883152858
0.737442922374,0.295770728993,0,0.253194888179,0.512422360248,0.153315331533,0.735323632715,0.247252747253,0.791614202972
0.908675799087,0,0,0.624600638978,0,0.972097209721,0.0476668339187,0.0741758241758,0.525812138001
0.405936073059,0.358653311074,0.501749125437,0.404153354633,0.295031055901,0.0723072307231,0.529101856498,0.0741758241758,0.63585998489
0.338356164384,0.464106844741,0,0.652555910543,0,0.529852985299,0.25112895133,0.244505494505,0.571392596323
0.447945205479,0,0.534732633683,0.702076677316,0.344720496894,0.235823582358,0.376818866031,0.0741758241758,0.372072525812
0.908675799087,0,0,0.624600638978,0,0.972097209721,0.0476668339187,0.244505494505,0.565222865777
0.49497716895,0.591263216472,0,0.270766773163,0.444099378882,0.153315331533,0.718514801806,0.247252747253,0.828128934777
0.182420091324,0.759042849193,0,0.510383386581,0,0.634263426343,0.301806322127,0.0164835164835,0.126416519768
0.335844748858,0,0.493753123438,0.289936102236,0.39751552795,0.560456045605,0.740090316106,0.271978021978,0.613573407202
0.116438356164,0.283806343907,0,0.560702875399,0,0.26102610261,0.875815353738,0.244505494505,0.30206497104
0.395205479452,0,0.606696651674,0.301118210863,0.307453416149,0.757875787579,0.460361264425,0.00549450549451,0.27033492823
0.566210045662,0,0,0.648562300319,0,0.519051905191,0.454089312594,0.0741758241758,0.314908083606
0.512557077626,0,0.689155422289,0.61661341853,0.335403726708,0.000300030003,0.497992975414,0.0741758241758,0.457063711911
0.13698630137,0.528658875904,0.739630184908,0.456869009585,0.590062111801,0.11101110111,0.368790767687,0.0741758241758,0.395744145052
0.201598173516,0,0.625687156422,0.320287539936,0.307453416149,0.861386138614,0.523331660813,0.0741758241758,0.329136237723
0.251369863014,0,0.607696151924,0.467252396166,0.17701863354,0.769876987699,0.464877069744,0.271978021978,0.469403173004
0.274885844749,0,0.483258370815,0.539137380192,0.139751552795,0.498349834983,0.693176116407,0.271978021978,0.483253588517
0.456621004566,0,0,0.648562300319,0,0.519051905191,0.559458103362,0.0357142857143,0.198942331906
0.374429223744,0.317195325543,0,0.848242811502,0,0.39303930393,0.190667335675,0.244505494505,0.562830521279
0.341095890411,0,0.591204397801,0.567891373802,0.180124223602,0.727872787279,0.40215755143,0.0357142857143,0.231679677663
0.633561643836,0.420701168614,0,0.256389776358,0.493788819876,1,0.0275965880582,0.0741758241758,0.627927474188
0.851598173516,0,0,0.848242811502,0,0.39303930393,0,0.244505494505,0.502392344498
0.5,0,0.63968015992,0.480830670927,0.341614906832,0.20702070207,0.466633216257,0.0741758241758,0.439813648955
0.785388127854,0.0667779632721,0.394802598701,0.321086261981,0.360248447205,0.49804980498,0.296036126443,0.0741758241758,0.613069755729
0.59497716895,0.525876460768,0,0.344249201278,0.360248447205,0.431143114311,0.405920722529,0.0741758241758,0.868421052632
0.146347031963,0,0.816091954023,0.436900958466,0.139751552795,0.772877287729,0.46688409433,0.271978021978,0.392974061949
0.623287671233,0.260990539789,0,0.038338658147,0.726708074534,0.153315331533,1,0.0164835164835,0.546084109796
0.274885844749,0,0.483258370815,0.539137380192,0.139751552795,0.498349834983,0.693176116407,0.0741758241758,0.284059430874
0.837899543379,0.326099053979,0,0.127795527157,1,0.153315331533,0.618414450577,0.0741758241758,0.813019390582
0.965753424658,0,0,0.536741214058,0,0.972097209721,0.0476668339187,0.0357142857143,0.580080584236
0.211643835616,0,0.502248875562,0.349840255591,0.232919254658,0.616261626163,0.782488710487,0.271978021978,0.440820951901
0.205479452055,0.801335559265,0,0.560702875399,0,0.386438643864,0.306322127446,0.244505494505,0.609418282548
0.737442922374,0.295770728993,0,0.253194888179,0.512422360248,0.153315331533,0.735323632715,0.0164835164835,0.590153613699
0.737442922374,0.295770728993,0,0.253194888179,0.512422360248,0.153315331533,0.735323632715,0.151098901099,0.780282044825
0.442922374429,0,0,0.512779552716,0,0.867086708671,0.439036628199,0.0741758241758,0.287710904054
0.116438356164,0.283806343907,0,0.560702875399,0,0.26102610261,0.875815353738,0.00549450549451,0.0308486527323
0.0785388127854,0.449638286032,0.628685657171,0.397763578275,0.32298136646,0.364836483648,0.427496236829,0.0741758241758,0.336691009821
0.430136986301,0,0.48075962019,0.369808306709,0.291925465839,0.480648064806,0.679879578525,0.271978021978,0.587257617729
0.309360730594,0.66082359488,0,0.848242811502,0,0.39303930393,0,0.0164835164835,0.30130949383
0.646118721461,0,0,0.512779552716,0,0.49504950495,0.423983943803,0.0357142857143,0.322211029967
0.160730593607,0.0378408458542,0.861569215392,0.279552715655,0.127329192547,0.61596159616,0.658304064225,0.271978021978,0.445101989423
0.252511415525,0,0.501749125437,0.300319488818,0.32298136646,0.608460846085,0.777220270948,0.271978021978,0.571770334928
0.634703196347,0.264329437952,0,0.848242811502,0,0.39303930393,0,0.244505494505,0.481364895492
0.44703196347,0.381747356706,0.534232883558,0.634984025559,0.186335403727,0.232223222322,0.153788258906,0.0741758241758,0.644547972803
0.220547945205,0.368391764051,0,0.560702875399,0,0.532253225323,0.580782739589,0.0164835164835,0.154998740871
0.654337899543,0.270172509738,0,0.288338658147,0.375776397516,0.153315331533,0.832162568991,0.0164835164835,0.410098212037
1,0,0,0.321086261981,0.0776397515528,0.717071707171,0.20572002007,0.0741758241758,0.97783933518
0.310730593607,0,0.470264867566,0.518370607029,0.217391304348,0.446744674467,0.634721525339,0.271978021978,0.528456308235
0.255251141553,0.272954924875,0.12243878061,0.478434504792,0.208074534161,0.795079507951,0.480431510286,0.0741758241758,0.477209770839
0.623287671233,0,0,0.512779552716,0,0.711071107111,0.41144004014,0.0164835164835,0.298791236464
0.654337899543,0.270172509738,0,0.288338658147,0.375776397516,0.153315331533,0.832162568991,0.151098901099,0.665701334676
0.664383561644,0,0,0.560702875399,0,0.418841884188,0.480682388359,0.0164835164835,0.319944598338
0.657305936073,0.525876460768,0,0.19249201278,0.683229813665,0.431143114311,0.405920722529,0.0741758241758,0.908713170486
0.837899543379,0.326099053979,0,0.127795527157,1,0.153315331533,0.618414450577,0.247252747253,0.860866280534
0.481735159817,0.403450194769,0,0.448881789137,0.248447204969,0.19801980198,0.57701956849,0.0741758241758,0.529589524049
0.100456621005,0.481357818587,0,0.480830670927,0.0931677018634,0.555055505551,0.559458103362,0.0741758241758,0.26957945102
0.338356164384,0.464106844741,0,0.652555910543,0,0.529852985299,0.25112895133,0.00549450549451,0.0931755225384
0.837899543379,0.326099053979,0,0.127795527157,1,0.153315331533,0.618414450577,0.00549450549451,0.476832032234
0.486301369863,0.381190873678,0,0.185303514377,0.183229813665,0.987098709871,0.378825890617,0.0741758241758,1
0.25502283105,0,0.873063468266,0.26357827476,0.316770186335,0.757575757576,0.45760160562,0.0741758241758,0.476202467892
0.654337899543,0.270172509738,0,0.288338658147,0.375776397516,0.153315331533,0.832162568991,0.0741758241758,0.609040543944
0.621689497717,0,0,0.546325878594,0.208074534161,0.636663666367,0.342197691922,0.0741758241758,0.462477965248
0.389497716895,0,0.447776111944,0.614217252396,0.329192546584,0.390939093909,0.421976919217,0.0741758241758,0.376731301939
0.201598173516,0,0.625687156422,0.357827476038,0.307453416149,0.834083408341,0.514049172102,0.151098901099,0.370057919919
0.37100456621,0.308848080134,0.432283858071,0.588658146965,0.183229813665,0.0948094809481,0.492724535876,0.0741758241758,0.493704356585
0.0707762557078,0.556483027268,0,0.560702875399,0,0.379237923792,0.615153035625,0.0164835164835,0.142659279778
0.474885844749,0.397328881469,0,0.36821086262,0.310559006211,0.339933993399,0.526843953838,0.0741758241758,0.541047595064
0.254566210046,0,0.870564717641,0.261980830671,0.363354037267,0.75397539754,0.45534370296,0.00549450549451,0.189372953916
0.426940639269,0.372008903728,0,0.583865814696,0.170807453416,0.369336933693,0.416708479679,0.0741758241758,0.553009317552
0.522831050228,0,0,0.560702875399,0,0.672067206721,0.569493226292,0.00549450549451,0.150843616218
0.143835616438,0,0.71764117941,0.335463258786,0,0.613861386139,0.769944806824,0.00549450549451,0.151976832032
1,0,0,0.408945686901,0,0.972097209721,0.0476668339187,0.0741758241758,0.818181818182
0.200913242009,0.528658875904,0,0.848242811502,0,0.39303930393,0.190667335675,0.491758241758,0.561571392596
0.506164383562,0.786867000556,0,0.495207667732,0.319875776398,0.425142514251,0.165328650276,0.151098901099,0.980483505414
0.152739726027,0.117417918753,0.621189405297,0.291533546326,0.335403726708,0.839483948395,0.507275464124,0.0741758241758,0.362503147822
0.0958904109589,0.473010573178,0.664667666167,0.560702875399,0.248447204969,0.03900390039,0.529352734571,0.0741758241758,0.346764039285
0.25502283105,0.272954924875,0.12243878061,0.478434504792,0.214285714286,0.794479447945,0.480180632213,0.271978021978,0.649332661798
0.202511415525,0,0.626686656672,0.321884984026,0.242236024845,0.867086708671,0.526843953838,0.0357142857143,0.235834802317
0.337899543379,0,0.478260869565,0.523961661342,0.170807453416,0.467746774677,0.670346211741,0.00549450549451,0.144673885671
0.851598173516,0.330550918197,0,0.473642172524,0.276397515528,0.153315331533,0.470396387356,0.247252747253,0.904809871569
0.265296803653,0.151919866444,0.618690654673,0.151757188498,0.369565217391,0.824182418242,0.49849473156,0.0357142857143,0.423444976077
0.451598173516,0,0.598700649675,0.716453674121,0.307453416149,0.231623162316,0.335173105871,0.0741758241758,0.270838579703
0.181278538813,0,0.834582708646,0.38178913738,0.23602484472,0.763876387639,0.461113898645,0.271978021978,0.541928985142
0.305936073059,0,0,0.568690095847,0,0.501050105011,0.730055193176,0.0164835164835,0.0964492571141
0.566210045662,0,0,0.648562300319,0,0.519051905191,0.454089312594,0.0164835164835,0.198942331906
0.461187214612,0.211463550362,0,0.848242811502,0,0.39303930393,0.190667335675,0.491758241758,0.612188365651
0.851598173516,0,0,0.848242811502,0,0.39303930393,0,0.739010989011,0.501133215815
0.0470319634703,0.511686143573,0,0.652555910543,0,0.471647164716,0.517059708981,0.244505494505,0.388567111559
0.535388127854,0,0,0.480031948882,0.105590062112,0.554455445545,0.558956347215,0.0741758241758,0.535633341728
0.888127853881,0.0723427935448,0.614692653673,0.70447284345,0.121118012422,0.24302430243,0.263421976919,0.00549450549451,0.293125157391
0.125570776256,0.656649972176,0,0.560702875399,0,0.403240324032,0.469643753136,0.0741758241758,0.394485016369
0.737442922374,0.295770728993,0,0.253194888179,0.512422360248,0.153315331533,0.735323632715,0.0164835164835,0.590153613699
0.342465753425,0,0,0.504792332268,0,0.930093009301,0.476668339187,0.0164835164835,0.14328884412
0.664383561644,0,0,0.560702875399,0,0.418841884188,0.480682388359,0.0741758241758,0.469277260136
0.851598173516,0,0,0.848242811502,0,0.39303930393,0,1,0.498614958449
0.12100456621,0.50918196995,0,0.568690095847,0.27950310559,0.22802280228,0.687405920723,0.0741758241758,0.270209015361
0.586757990868,0.0528658875904,0.704647676162,0.257188498403,0.33850931677,0.42304230423,0.519317611641,0.151098901099,0.836313271216
0.349315068493,0.275459098497,0.384807596202,0.536741214058,0.186335403727,0.35403540354,0.388861013547,0.0741758241758,0.396247796525
0.785388127854,0.0667779632721,0.394802598701,0.321086261981,0.360248447205,0.49804980498,0.296036126443,0.00549450549451,0.264668849156
0.785388127854,0.0667779632721,0.394802598701,0.321086261981,0.360248447205,0.49804980498,0.296036126443,0.151098901099,0.739612188366
0.735159817352,0.0612131329994,0.659670164918,0.448881789137,0.26397515528,0.0630063006301,0.39136979428,0.0164835164835,0.461722488038
0.650684931507,0.0556483027268,0.469765117441,0.281150159744,0.431677018634,0.41104110411,0.629703963874,0.0741758241758,0.558423570889
0.399771689498,0,0.486756621689,0.309904153355,0.366459627329,0.518751875188,0.70647265429,0.0741758241758,0.578569629816
0.254566210046,0,0.870564717641,0.261980830671,0.363354037267,0.75397539754,0.45534370296,0.0357142857143,0.394988667842
0.586757990868,0.0528658875904,0.704647676162,0.257188498403,0.33850931677,0.42304230423,0.519317611641,0.0741758241758,0.719717955175
0.527397260274,0,0,0.560702875399,0,0.390639063906,0.623682890115,0.0741758241758,0.373205741627
0.25502283105,0.272954924875,0.12243878061,0.478434504792,0.214285714286,0.794479447945,0.480180632213,0.151098901099,0.609921934022
0.292237442922,0,0.591204397801,0.588658146965,0.142857142857,0.685268526853,0.41294530858,0.0741758241758,0.278897003274
0.541552511416,0,0,0.510383386581,0,0.804680468047,0.40215755143,0.0164835164835,0.237345756736
0.127853881279,0,0.974512743628,0.784345047923,0.341614906832,0.29102910291,0.298544907175,0.0741758241758,0.0781918912113
0,0.42570951586,0,0.560702875399,0,0.25802580258,0.873055694932,0.00549450549451,0.0282044824981
0.114155251142,0.495269894268,0.694652673663,0.369009584665,0.55900621118,0.42904290429,0.253386853989,0.0741758241758,0.42835557794
0.541095890411,0,0,0.600638977636,0,0.501050105011,0.469141996989,0.0357142857143,0.311130697557
0.851598173516,0.330550918197,0,0.473642172524,0.276397515528,0.153315331533,0.470396387356,0.0164835164835,0.670737849408
0.735159817352,0.0612131329994,0.659670164918,0.369009584665,0.276397515528,0.0630063006301,0.39136979428,0.151098901099,0.90695039033
0.116438356164,0.403450194769,0.564717641179,0.448881789137,0.248447204969,0.19801980198,0.57701956849,0.0741758241758,0.300931755225
0.426940639269,0,0,0.560702875399,0,0.336633663366,0.755895634722,0.0164835164835,0.154495089398
0.341095890411,0,0.591204397801,0.532747603834,0.180124223602,0.682268226823,0.410687405921,0.151098901099,0.436162175774
0.231735159817,0.849471341124,0,0.652555910543,0,0.487248724872,0.0903161063723,0.244505494505,0.623646436666
0.422374429224,0.336672231497,0.469765117441,0.52875399361,0.27950310559,0.30903090309,0.255895634722,0.0741758241758,0.498740871317
0.424657534247,0.534223706177,0,0.560702875399,0,0.39303930393,0.310587054691,0.0741758241758,0.459204230672
0.398173515982,0.322760155815,0.451274362819,0.461661341853,0.276397515528,0.207320732073,0.437280481686,0.0741758241758,0.528204482498
0.252283105023,0,0.501749125437,0.299520766773,0.270186335404,0.620462046205,0.776718514802,0.271978021978,0.51108033241
0.148401826484,0.20979410128,0.834582708646,0.337060702875,0.245341614907,0.61896189619,0.441796287005,0.0357142857143,0.384915638378
0.146347031963,0,0.816091954023,0.436900958466,0.139751552795,0.772877287729,0.46688409433,0.0741758241758,0.241878619995
0.59497716895,0.525876460768,0,0.344249201278,0.360248447205,0.431143114311,0.405920722529,0.0741758241758,0.868421052632
0.123287671233,0.495269894268,0.934532733633,0.792332268371,0.217391304348,0.15901590159,0.0501756146513,0.0741758241758,0.340972047343
0.287671232877,0.951864218141,0,0.510383386581,0,0.464446444644,0.201455092825,0.0741758241758,0.470536388819
0.654337899543,0.270172509738,0,0.288338658147,0.375776397516,0.153315331533,0.832162568991,0.247252747253,0.695920423067
0.785388127854,0.0667779632721,0.394802598701,0.321086261981,0.360248447205,0.49804980498,0.296036126443,0.00549450549451,0.415890203979
0.426940639269,0,0,0.560702875399,0,0.336633663366,0.755895634722,0.244505494505,0.37446487031
0.173515981735,0.361157484697,0.592703648176,0.464057507987,0.111801242236,0.61896189619,0.383341695936,0.151098901099,0.582472928733
0.34703196347,0,0,0.608626198083,0,0.501050105011,0.67486201706,0.491758241758,0.318559556787
0.10502283105,0,0.684657671164,0.289137380192,0.496894409938,0.603060306031,0.592072252885,0.0741758241758,0.196675900277
0.254566210046,0,0.870564717641,0.298722044728,0.363354037267,0.727872787279,0.446312092323,0.151098901099,0.616091664568
0.148401826484,0.20979410128,0.834582708646,0.337060702875,0.245341614907,0.61896189619,0.441796287005,0.271978021978,0.685973306472
0.192237442922,0.34529771842,0,0.510383386581,0,0.847284728473,0.427245358756,0.0164835164835,0.0713925963233
0.502283105023,0,0,0.648562300319,0,0.519051905191,0.516808830908,0.0357142857143,0.232183329136
0.888127853881,0.0723427935448,0.614692653673,0.632587859425,0.121118012422,0.0630063006301,0.263421976919,0.151098901099,0.749559304961
0.341095890411,0,0.591204397801,0.532747603834,0.180124223602,0.682268226823,0.410687405921,0.00549450549451,0.187484260891
0.220547945205,0.368391764051,0,0.560702875399,0,0.532253225323,0.580782739589,0.0741758241758,0.32347015865
0.349315068493,0,0,0.560702875399,0,0.266426642664,0.88058203713,0.00549450549451,0.0739108536892
0.474885844749,0,0,0.560702875399,0,0.633063306331,0.592072252885,0.326923076923,0.457945101989
0.12100456621,0.50918196995,0,0.568690095847,0.27950310559,0.738073807381,0.258404415454,0.0741758241758,0.200831024931
0.335844748858,0,0.493753123438,0.289936102236,0.39751552795,0.560456045605,0.740090316106,0.0741758241758,0.359103500378
0.563926940639,0,0,0.560702875399,0,0.738073807381,0.531861515304,0.244505494505,0.467892218585
0.547945205479,0.105731775181,0,0.848242811502,0,0.39303930393,0.190667335675,0.491758241758,0.626920171242
0.399543378995,0,0,0.552715654952,0,0.501050105011,0.657300551932,0.0357142857143,0.238353059683
0.148401826484,0.20979410128,0.834582708646,0.337060702875,0.245341614907,0.61896189619,0.441796287005,0.00549450549451,0.166079073281
0,0.42570951586,0,0.560702875399,0,0.25802580258,0.873055694932,0.0741758241758,0.188239738101
0.399771689498,0,0.486756621689,0.309904153355,0.366459627329,0.518751875188,0.70647265429,0.00549450549451,0.262024678922
0.123287671233,0.67612687813,0,0.464856230032,0.341614906832,0.663066306631,0.260913196187,0.0741758241758,0.441072777638
0.440639269406,0,0,0.504792332268,0,0.804080408041,0.439036628199,0.0741758241758,0.287710904054
0.634703196347,0.264329437952,0,0.848242811502,0,0.39303930393,0,0.0741758241758,0.429614706623
0.0897260273973,0.589872008904,0,0.652555910543,0,0.512451245125,0.387606623181,0.0164835164835,0.101485771846
0.522831050228,0,0,0.560702875399,0,0.672067206721,0.569493226292,0.326923076923,0.466507177033
0.300913242009,0,0.472763618191,0.607827476038,0.142857142857,0.43804380438,0.647767185148,0.0741758241758,0.258247292873
0.252511415525,0,0.501749125437,0.300319488818,0.32298136646,0.608460846085,0.777220270948,0.00549450549451,0.138504155125
0.481050228311,0.402615470228,0,0.0439297124601,0.248447204969,0.596159615962,0.572503763171,0.0741758241758,0.531226391337
0.0936073059361,0.470228158041,0.714642678661,0.552715654952,0.248447204969,0.49804980498,0.122930255896,0.0741758241758,0.34487534626
0.447488584475,0.381190873678,0.534732633683,0.632587859425,0.186335403727,0.23102310231,0.153035624686,0.0741758241758,0.644547972803
0.10502283105,0.486922648859,0,0.392971246006,0.0621118012422,0.597059705971,0.58705469142,0.0741758241758,0.309619743138
0.430136986301,0,0.48075962019,0.369808306709,0.291925465839,0.480648064806,0.679879578525,0.0741758241758,0.408083606145
0.0143835616438,0.451864218141,0,0.652555910543,0,0.411641164116,0.639739086804,0.00549450549451,0
0.399771689498,0,0.486756621689,0.309904153355,0.366459627329,0.518751875188,0.70647265429,0.0357142857143,0.498111306976
0.111872146119,0,0.924537731134,0.361022364217,0.496894409938,0.819081908191,0.210737581535,0.0741758241758,0.140141022412
0.155936073059,0.432665553701,0,0.510383386581,0,0.676867686769,0.326894129453,0.0164835164835,0.105766809368
0.650684931507,0.0556483027268,0.469765117441,0.281150159744,0.444099378882,0.41104110411,0.629703963874,0.0164835164835,0.434525308487
0.231735159817,0.849471341124,0,0.652555910543,0,0.487248724872,0.0903161063723,0.00549450549451,0.0910350037774
0.143835616438,0,0.71764117941,0.335463258786,0,0.613861386139,0.769944806824,0.0357142857143,0.183203223369
0.0858447488584,0.582637729549,0,0.560702875399,0,0.738073807381,0.534119417963,0.0164835164835,0.15436917653
0.664383561644,0,0,0.560702875399,0,0.41704170417,0.41144004014,0.244505494505,0.584991186099
0.147945205479,0.696160267112,0,0.652555910543,0,0.523852385239,0.247365780231,0.00549450549451,0.0575421808109
0.633561643836,0.420701168614,0,0.256389776358,0.493788819876,1,0.0275965880582,0.0164835164835,0.563711911357
0.3899543379,0.5061213133,0,0.510383386581,0,0.634263426343,0.301806322127,0.0164835164835,0.219592042307
0.0319634703196,0.481357818587,0,0.560702875399,0,0.326432643264,0.747365780231,0.0741758241758,0.252077562327
0.908675799087,0,0,0.624600638978,0,0.972097209721,0.0476668339187,0.0357142857143,0.435784437169
0.257762557078,0.149693934335,0.609195402299,0.269968051118,0.298136645963,0.6399639964,0.468138484696,0.00549450549451,0.197557290355
0.5,0.456316082359,0,0.544728434505,0.155279503106,0.20702070207,0.451580531862,0.0741758241758,0.691009821204
0.13698630137,0.575959933222,0.859570214893,0.752396166134,0.310559006211,0.0630063006301,0.110386352233,0.0741758241758,0.472299168975
0.743150684932,0.132164718976,0,0.848242811502,0,0.39303930393,0,0.244505494505,0.493704356585
0.34200913242,0,0.499250374813,0.194089456869,0.385093167702,0.615061506151,0.767185148018,0.0741758241758,0.398010576681
0.254566210046,0,0.870564717641,0.298722044728,0.363354037267,0.727872787279,0.446312092323,0.0357142857143,0.343238478973
0.506164383562,0.786867000556,0,0.495207667732,0.319875776398,0.425142514251,0.165328650276,0.0741758241758,0.911231427852
0.211643835616,0,0.502248875562,0.349840255591,0.232919254658,0.616261626163,0.782488710487,0.00549450549451,0.127423822715
0.251369863014,0,0.607696151924,0.467252396166,0.17701863354,0.769876987699,0.464877069744,0.0357142857143,0.234072022161
0.163242009132,0.139398998331,0.867066466767,0.343450479233,0.201863354037,0.615661566157,0.500501756147,0.00549450549451,0.261269201712
0.526255707763,0.396494156928,0,0.848242811502,0,0.39303930393,0,0.0741758241758,0.386426592798
0.341095890411,0,0.591204397801,0.532747603834,0.198757763975,0.682268226823,0.410687405921,0.00549450549451,0.13585998489
0.296347031963,0,0.607696151924,0.416932907348,0.208074534161,0.766276627663,0.462870045158,0.271978021978,0.547846889952
0.0776255707763,0.545353366722,0.489755122439,0.61661341853,0.186335403727,0.13801380138,0.474159558455,0.0741758241758,0.310249307479
0.646118721461,0,0,0.512779552716,0,0.49504950495,0.423983943803,0.0741758241758,0.365399143792
0.395205479452,0,0.606696651674,0.301118210863,0.307453416149,0.757875787579,0.460361264425,0.0741758241758,0.616973054646
0.634703196347,0,0,0.848242811502,0,0.39303930393,0.190667335675,0.491758241758,0.639259632334
0.308219178082,0.255982192543,0.354822588706,1,0.186335403727,0.15601560156,0.253386853989,0.0741758241758,0.331150843616
0.657305936073,0.525876460768,0,0.19249201278,0.683229813665,0.431143114311,0.405920722529,0.0164835164835,0.714681440443
0.350456621005,0.473845297718,0,0.510383386581,0,0.676867686769,0.326894129453,0.0741758241758,0.374213044573
0.673515981735,0.047857540345,0.789605197401,0.361022364217,0.645962732919,0.49804980498,0.09784244857,0.0741758241758,0.67136741375
0.59497716895,0.525876460768,0,0.344249201278,0.360248447205,0.431143114311,0.405920722529,0.0741758241758,0.868421052632
0.0684931506849,0.574568725654,0.804097951024,0.45607028754,0.170807453416,0.197719771977,0.355243351731,0.0741758241758,0.390078065978
0.34200913242,0,0.499250374813,0.194089456869,0.385093167702,0.615061506151,0.767185148018,0.00549450549451,0.235331150844
0.300913242009,0,0.472763618191,0.607827476038,0.142857142857,0.43804380438,0.647767185148,0.271978021978,0.405817174515
0.251141552511,0,0.623688155922,0.297124600639,0.242236024845,0.853285328533,0.515554440542,0.00549450549451,0.216444220599
0.120547945205,0,0.713643178411,0.571086261981,0.282608695652,0.228622862286,0.686653286503,0.0741758241758,0.0933014354067
0.447716894977,0,0.534732633683,0.515974440895,0.189440993789,0.23402340234,0.554942298043,0.0741758241758,0.507554772098
0.86301369863,0,0,0.560702875399,0,0.40504050405,0.318615153036,0.0741758241758,0.523293880635
1,0,0,0.321086261981,0.0776397515528,0.762076207621,0.20572002007,0.0741758241758,0.749937043566
0.152739726027,0.117417918753,0.621189405297,0.291533546326,0.335403726708,0.839483948395,0.507275464124,0.00549450549451,0.0638378242256
0.442237442922,0,0.47776111944,0.39696485623,0.276397515528,0.462346234623,0.665328650276,0.271978021978,0.625912868295
0.502283105023,0,0,0.648562300319,0,0.519051905191,0.516808830908,0.491758241758,0.343238478973
0.337899543379,0,0,0.480830670927,0,0.897089708971,0.566984445559,0.0741758241758,0.233442457819
0.146347031963,0,0.816091954023,0.436900958466,0.139751552795,0.772877287729,0.46688409433,0.151098901099,0.331150843616
0.291552511416,0,0.590704647676,0.586261980831,0.189440993789,0.681368136814,0.410436527847,0.0741758241758,0.279652480484
0.34200913242,0,0.499250374813,0.194089456869,0.385093167702,0.615061506151,0.767185148018,0.271978021978,0.541928985142
0.415525114155,0.0417362270451,0.704647676162,0.456869009585,0.170807453416,0.12301230123,0.519317611641,0.0164835164835,0.274490052883
0.309360730594,0.66082359488,0,0.848242811502,0,0.39303930393,0,0.0741758241758,0.349408209519
0.296347031963,0,0.607696151924,0.416932907348,0.208074534161,0.766276627663,0.462870045158,0.0357142857143,0.307731050113
0.0997716894977,0.480244852532,0,0.480031948882,0.105590062112,0.554455445545,0.558956347215,0.0741758241758,0.26957945102
0.481506849315,0.446577629382,0,0.445686900958,0.298136645963,0.346834683468,0.415203211239,0.0741758241758,0.631075295895
0.785388127854,0.0667779632721,0.394802598701,0.321086261981,0.360248447205,0.49804980498,0.296036126443,0.0164835164835,0.449383026945
0.255251141553,0.272954924875,0.12243878061,0.478434504792,0.208074534161,0.795079507951,0.480431510286,0.271978021978,0.599848904558
0.650684931507,0.0556483027268,0.469765117441,0.281150159744,0.444099378882,0.41104110411,0.629703963874,0.0741758241758,0.603248552002
0.309360730594,0.66082359488,0,0.848242811502,0,0.39303930393,0,0.244505494505,0.387685721481
0.162100456621,0.322760155815,0,0.560702875399,0,0.437443744374,0.659307576518,0.0164835164835,0.114077058675
0.34703196347,0,0,0.608626198083,0,0.501050105011,0.67486201706,0.00549450549451,0.08788718207
0.420776255708,0.55898720089,0,0.182907348243,0.347826086957,0.610861086109,0.526091319619,0.0741758241758,0.823092420045
0.541095890411,0,0,0.600638977636,0,0.501050105011,0.469141996989,0.00549450549451,0.137119113573
0.181278538813,0,0.834582708646,0.38178913738,0.23602484472,0.763876387639,0.461113898645,0.151098901099,0.418534374213
0.59497716895,0.525876460768,0,0.344249201278,0.360248447205,0.431143114311,0.405920722529,0.00549450549451,0.415134726769
0.482420091324,0.403450194769,0,0.452875399361,0.248447204969,0.602760276028,0.237581535374,0.0741758241758,0.487534626039
0.0746575342466,0,0.828085957021,0.466453674121,0.310559006211,0.4800480048,0.529101856498,0.0741758241758,0.138000503651
0.0776255707763,0.450751252087,0.629685157421,0.400958466454,0.310559006211,0.36603660366,0.426492724536,0.0741758241758,0.336691009821
0.646118721461,0,0,0.512779552716,0,0.49504950495,0.423983943803,0.0164835164835,0.263031981869
0.980136986301,0,0,0.159744408946,0.875776397516,0.153315331533,0.751881585549,0.247252747253,0.716066481994
0.769406392694,0.492487479132,0,0.512779552716,0.344720496894,0.251725172517,0.285750125439,0.151098901099,0.873457567363
0.59497716895,0.525876460768,0,0.344249201278,0.360248447205,0.431143114311,0.405920722529,0.0164835164835,0.259002770083
0.374429223744,0.31163049527,0.434782608696,0.448881789137,0.310559006211,0.32703270327,0.378825890617,0.0741758241758,0.467010828507
0.633561643836,0.420701168614,0,0.256389776358,0.493788819876,1,0.0275965880582,0.00549450549451,0.330773105011
0.266894977169,0,0.620189905047,0.293130990415,0.350931677019,0.833183318332,0.504014049172,0.271978021978,0.552757491816
0.888127853881,0.0723427935448,0.614692653673,0.70447284345,0.121118012422,0.24302430243,0.263421976919,0.0741758241758,0.670108285067
0.343150684932,0,0.493753123438,0.195686900958,0.44099378882,0.560456045605,0.740090316106,0.00549450549451,0.244900528834
0.538584474886,0.525876460768,0,0.424121405751,0.295031055901,0.431143114311,0.405920722529,0.151098901099,0.724754469907
0.908675799087,0,0,0.624600638978,0,0.972097209721,0.0476668339187,0.0164835164835,0.388818937295
0.586757990868,0.0528658875904,0.704647676162,0.257188498403,0.33850931677,0.42304230423,0.519317611641,0.00549450549451,0.268320322337
0.349315068493,0,0,0.560702875399,0,0.266426642664,0.88058203713,0.0741758241758,0.206748929741
0.481735159817,0,0.564717641179,0.448881789137,0.248447204969,0.603060306031,0.238334169594,0.0741758241758,0.434021657013
0.314155251142,1,0,0.510383386581,0,0.421842184218,0.176367285499,0.0741758241758,0.467262654243
0.461187214612,0.211463550362,0,0.848242811502,0,0.39303930393,0.190667335675,0.244505494505,0.590027700831
0.223744292237,0.370061213133,0,0.560702875399,0,0.493249324932,0.53236327145,0.00549450549451,0.114328884412
0.121461187215,0.511686143573,0.715642178911,0.575079872204,0.285714285714,0.235823582358,0.262167586553,0.0741758241758,0.335683706875
0.300913242009,0,0.472763618191,0.607827476038,0.142857142857,0.43804380438,0.647767185148,0.0357142857143,0.249433392093
0.426940639269,0,0,0.560702875399,0,0.336633663366,0.755895634722,0.00549450549451,0.117350793251
0.220547945205,0.368391764051,0,0.560702875399,0,0.532253225323,0.580782739589,0.244505494505,0.450012591287
0.182648401826,0.125765164162,0.609695152424,0.386581469649,0.254658385093,0.775277527753,0.46838936277,0.151098901099,0.518383278771
0.785388127854,0.0667779632721,0.394802598701,0.321086261981,0.360248447205,0.49804980498,0.296036126443,0.0164835164835,0.465499874087
0.474885844749,0,0,0.560702875399,0,0.507050705071,0.642247867536,0.491758241758,0.440695039033
0.106164383562,0.387868670006,0.542728635682,0.566293929712,0.189440993789,0.274227422742,0.466633216257,0.0741758241758,0.269075799547
0.399771689498,0,0.486756621689,0.309904153355,0.366459627329,0.518751875188,0.70647265429,0.151098901099,0.613321581466
0.202511415525,0,0.626686656672,0.321884984026,0.242236024845,0.867086708671,0.526843953838,0.00549450549451,0.160035255603
0.59497716895,0.525876460768,0,0.344249201278,0.360248447205,0.431143114311,0.405920722529,0.0164835164835,0.674515235457
0.482420091324,0.729549248748,0,0.428913738019,0.267080745342,0.737773777378,0.0446562970396,0.247252747253,0.809242004533
0.534246575342,0,0,0.480830670927,0.0931677018634,0.555055505551,0.559458103362,0.0741758241758,0.535507428859
0.500684931507,0.456872565387,0,0.548722044728,0.142857142857,0.20702070207,0.451580531862,0.0741758241758,0.691135734072
0.46301369863,0,0.497751124438,0.592651757188,0.304347826087,0.475247524752,0.278976417461,0.0741758241758,0.349911860992
0.492922374429,0,0.632183908046,0.702076677316,0.17701863354,0.178517851785,0.357752132464,0.0741758241758,0.475069252078
0.251141552511,0,0.623688155922,0.297124600639,0.242236024845,0.853285328533,0.515554440542,0.151098901099,0.538277511962
0.0958904109589,0.0417362270451,0.974512743628,0.432907348243,0.186335403727,0.660066006601,0.288509784245,0.0741758241758,0.163812641652
0.646118721461,0,0,0.512779552716,0,0.49504950495,0.423983943803,0,0.0496096701083
0.541552511416,0,0,0.510383386581,0,0.804680468047,0.40215755143,0.0741758241758,0.372324351549
0.541095890411,0,0,0.600638977636,0,0.501050105011,0.469141996989,0.0164835164835,0.234701586502
0.566210045662,0,0,0.512779552716,0,0.747074707471,0.441545408931,0.0741758241758,0.402417527071
0.163926940639,0.259877573734,0.799100449775,0.403354632588,0.301242236025,0.618661866187,0.382839939789,0.151098901099,0.587509443465
0.132420091324,0.523094045632,0.729635182409,0.648562300319,0.341614906832,0.0840084008401,0.291018564977,0.0741758241758,0.384160161168
0.425570776256,0.336672231497,0,0.444089456869,0.217391304348,0.320732073207,0.590817862519,0.0741758241758,0.501259128683
0.735159817352,0.0612131329994,0.659670164918,0.448881789137,0.26397515528,0.0630063006301,0.39136979428,0.0741758241758,0.751951649459
0.211643835616,0,0.502248875562,0.386581469649,0.232919254658,0.591059105911,0.772202709483,0.0357142857143,0.276378745908
0.274885844749,0,0.483258370815,0.539137380192,0.139751552795,0.498349834983,0.693176116407,0.151098901099,0.341475698816
0.148401826484,0.520311630495,0.974512743628,0.504792332268,0.217391304348,0.29102910291,0.105368790768,0.0741758241758,0.271468144044
0.0319634703196,0.481357818587,0,0.560702875399,0,0.326432643264,0.747365780231,0.00549450549451,0.0497355829766
0.420776255708,0.55898720089,0,0.182907348243,0.347826086957,0.610861086109,0.526091319619,0.151098901099,0.889700327373
0.114155251142,0,0.55972013993,0.496805111821,0.248447204969,0.573057305731,0.556949322629,0.0741758241758,0.124024175271
0.202511415525,0,0.626686656672,0.321884984026,0.242236024845,0.867086708671,0.526843953838,0.0741758241758,0.303072273986
0.201598173516,0,0.625687156422,0.357827476038,0.307453416149,0.834083408341,0.514049172102,0.00549450549451,0.128682951398
0.442922374429,0,0,0.512779552716,0,0.867086708671,0.439036628199,0.0164835164835,0.208763535633
0.481735159817,0.403450194769,0,0.448881789137,0.248447204969,0.603060306031,0.238334169594,0.0741758241758,0.487534626039
0.341095890411,0,0.591204397801,0.532747603834,0.198757763975,0.682268226823,0.410687405921,0.0357142857143,0.278267438932
0.464155251142,0.566221480245,0,0.652555910543,0,0.493249324932,0.0928248871049,0.244505494505,0.658146562579
0.335844748858,0,0.493753123438,0.289936102236,0.39751552795,0.560456045605,0.740090316106,0.0357142857143,0.331780407958
0.59497716895,0.525876460768,0,0.344249201278,0.360248447205,0.431143114311,0.405920722529,0.0164835164835,0.674515235457
0.116666666667,0.403450194769,0.564717641179,0.452875399361,0.248447204969,0.602760276028,0.237581535374,0.0741758241758,0.29249559305
0.130365296804,0.519476905954,0,0.429712460064,0.350931677019,0.565856585659,0.488961364777,0.0741758241758,0.38327877109
0.163242009132,0.139398998331,0.867066466767,0.343450479233,0.201863354037,0.615661566157,0.500501756147,0.151098901099,0.64769579451
0.442922374429,0,0,0.560702875399,0,0.852085208521,0.429001505268,0.0741758241758,0.243263661546
0.211643835616,0,0.502248875562,0.386581469649,0.232919254658,0.591059105911,0.772202709483,0.00549450549451,0.124024175271
0.634703196347,0.264329437952,0,0.848242811502,0,0.39303930393,0,0.0164835164835,0.383908335432
0.160730593607,0.0378408458542,0.861569215392,0.279552715655,0.127329192547,0.61596159616,0.658304064225,0.151098901099,0.422059934525
0.62100456621,0.526432943795,0,0.385782747604,0.313664596273,0.375337533753,0.408178625188,0.00549450549451,0.403802568623
0.563926940639,0,0,0.560702875399,0,0.738073807381,0.531861515304,0.0164835164835,0.198942331906
0.310730593607,0,0.470264867566,0.518370607029,0.217391304348,0.446744674467,0.634721525339,0.0741758241758,0.351296902543
0.208904109589,0.807456872565,0,0.510383386581,0,0.591659165917,0.276718514802,0.0164835164835,0.187232435155
0.150684931507,0.11713967724,0.818590704648,0,0.17701863354,0.773177317732,0.46688409433,0.151098901099,0.384286074037
0.526255707763,0.396494156928,0,0.848242811502,0,0.39303930393,0,0.0164835164835,0.351926466885
0.415525114155,0.333889816361,0,0.369009584665,0.217391304348,0.507050705071,0.501756146513,0.0741758241758,0.486023671619
0.426940639269,0.372843628269,0,0.584664536741,0.186335403727,0.36903690369,0.416457601606,0.0741758241758,0.552883404684
0.390410958904,0.292153589316,0.409795102449,0.70447284345,0.27950310559,0.30903090309,0.215755143001,0.0741758241758,0.43868043314
0.888127853881,0.0723427935448,0.614692653673,0.632587859425,0.121118012422,0.0630063006301,0.263421976919,0.0741758241758,0.699949634853
0.737442922374,0.295770728993,0,0.253194888179,0.512422360248,0.153315331533,0.735323632715,0.151098901099,0.780282044825
0.737442922374,0.295770728993,0,0.253194888179,0.512422360248,0.153315331533,0.735323632715,0.247252747253,0.791614202972
0.314155251142,1,0,0.510383386581,0,0.421842184218,0.176367285499,0.0164835164835,0.290732812893
0.257762557078,0.149693934335,0.609195402299,0.269968051118,0.298136645963,0.6399639964,0.468138484696,0.271978021978,0.683706874843
0.251141552511,0.393155258765,0,0.652555910543,0,0.517251725173,0.39136979428,0.244505494505,0.470536388819
0.120547945205,0.510294936004,0,0.571086261981,0.282608695652,0.228622862286,0.686653286503,0.0741758241758,0.270209015361
0.132876712329,0.523094045632,0.731634182909,0.650159744409,0.350931677019,0.0831083108311,0.290265930758,0.0741758241758,0.415260639637
0.737442922374,0.295770728993,0,0.253194888179,0.512422360248,0.153315331533,0.735323632715,0.0741758241758,0.729790984639
0.116438356164,0.664997217585,0,0.624600638978,0.186335403727,0.603060306031,0.225790265931,0.0741758241758,0.308864265928
0.527397260274,0,0,0.560702875399,0,0.390639063906,0.623682890115,0.0164835164835,0.265298413498
0.442922374429,0,0,0.560702875399,0,0.852085208521,0.429001505268,0.244505494505,0.340720221607
0.684474885845,0.263494713411,0,0.20447284345,0.354037267081,0.437443744374,0.647516307075,0.0741758241758,0.833165449509
0.251369863014,0,0.607696151924,0.467252396166,0.17701863354,0.769876987699,0.464877069744,0.151098901099,0.401284311257
0.650684931507,0.0556483027268,0.469765117441,0.281150159744,0.444099378882,0.41104110411,0.629703963874,0.151098901099,0.680055401662
0.132420091324,0.356149137451,0.609695152424,0.480830670927,0.198757763975,0.0690069006901,0.715002508781,0.0741758241758,0.46675900277
0.442237442922,0,0.47776111944,0.39696485623,0.276397515528,0.462346234623,0.665328650276,0.00549450549451,0.259632334425
0.888127853881,0.0723427935448,0.614692653673,0.70447284345,0.121118012422,0.24302430243,0.263421976919,0.0164835164835,0.392344497608
0.399543378995,0,0,0.552715654952,0,0.501050105011,0.657300551932,0.986263736264,0.394988667842
0.874429223744,0,0,0.193290734824,0,0.957095709571,0.516808830908,0.0741758241758,0.877109040544
0.228310502283,0.0306065664997,0.704647676162,0.672523961661,0.0527950310559,0.42304230423,0.519317611641,0.00549450549451,0.0946864769579
0.330593607306,0,0.625187406297,0.171725239617,0.372670807453,0.857485748575,0.519066733567,0.0357142857143,0.502266431629
0.483561643836,0,0.56271864068,0.384185303514,0.313664596273,0.372937293729,0.473908680381,0.0741758241758,0.45492319315
0.337899543379,0,0.478260869565,0.523961661342,0.170807453416,0.467746774677,0.670346211741,0.0357142857143,0.284437169479
0.296347031963,0,0.607696151924,0.416932907348,0.208074534161,0.766276627663,0.462870045158,0.00549450549451,0.165071770335
0.664383561644,0,0,0.560702875399,0,0.41704170417,0.41144004014,0.00549450549451,0.211281792999
0.374429223744,0.317195325543,0,0.848242811502,0,0.39303930393,0.190667335675,0.739010989011,0.622009569378
0.0897260273973,0.589872008904,0,0.652555910543,0,0.512451245125,0.387606623181,0.0741758241758,0.347015865021
0.0913242009132,0.464663327769,0.649675162419,0.416932907348,0.341614906832,0.24602460246,0.47917711992,0.0741758241758,0.532359607152
0.980136986301,0,0,0.159744408946,0.875776397516,0.153315331533,0.751881585549,0.00549450549451,0.490682447746
0.447488584475,0,0.534732633683,0.512779552716,0.186335403727,0.23402340234,0.554440541897,0.0741758241758,0.507554772098
0.785388127854,0.0667779632721,0.394802598701,0.321086261981,0.360248447205,0.49804980498,0.296036126443,0.151098901099,0.666330899018
0.146347031963,0,0.816091954023,0.436900958466,0.139751552795,0.772877287729,0.46688409433,0.0357142857143,0.291488290103
0.461187214612,0.211463550362,0,0.848242811502,0,0.39303930393,0.190667335675,0.0741758241758,0.572651725006
0.639269406393,0,0,0.512779552716,0,0.738073807381,0.363773206222,0.0164835164835,0.272853185596
0.639269406393,0,0,0.504792332268,0,0.738073807381,0.363773206222,0.0164835164835,0.272853185596
0.48401826484,0.40428491931,0.565717141429,0.45607028754,0.248447204969,0.204320432043,0.241344706473,0.0741758241758,0.552757491816
0.390410958904,0,0.449775112444,0.61661341853,0.341614906832,0.3900390039,0.421475163071,0.0741758241758,0.376605389071
1,0,0,0.408945686901,0,0.972097209721,0.0476668339187,0.244505494505,0.847771342231
0.737442922374,0.295770728993,0,0.253194888179,0.512422360248,0.153315331533,0.735323632715,0.00549450549451,0.391211281793
0.541095890411,0,0,0.504792332268,0,0.804080408041,0.40140491721,0.0741758241758,0.371568874339
0.445662100457,0,0.587206396802,0.423322683706,0.295031055901,0.665466546655,0.400150526844,0.00549450549451,0.246537396122
0.980136986301,0,0,0.159744408946,0.875776397516,0.153315331533,0.751881585549,0.0741758241758,0.680810878872
0.49497716895,0.591263216472,0,0.270766773163,0.444099378882,0.153315331533,0.718514801806,0.0741758241758,0.669478720725
0.769406392694,0.492487479132,0,0.512779552716,0.344720496894,0.251725172517,0.285750125439,0.247252747253,0.893603626291
0.181278538813,0,0.834582708646,0.38178913738,0.23602484472,0.763876387639,0.461113898645,0.0357142857143,0.242634097205
0.25502283105,0,0.873063468266,0.26357827476,0.316770186335,0.757575757576,0.45760160562,0.151098901099,0.557919919416
0.445662100457,0,0.587206396802,0.423322683706,0.295031055901,0.665466546655,0.400150526844,0.0357142857143,0.436414001511
0.343607305936,0,0,0.510383386581,0,0.931893189319,0.477420973407,0.0741758241758,0.219592042307
0.563926940639,0,0,0.560702875399,0,0.765076507651,0.539387857501,0.00549450549451,0.170486023672
0.463470319635,0,0.499750124938,0.592651757188,0.310559006211,0.47404740474,0.278474661315,0.0741758241758,0.349911860992
0.150684931507,0.11713967724,0.818590704648,0,0.17701863354,0.773177317732,0.46688409433,0.271978021978,0.464618484009
0.639269406393,0,0,0.512779552716,0,0.930093009301,0.476668339187,0.0164835164835,0.115084361622
0.785388127854,0.0667779632721,0.394802598701,0.321086261981,0.319875776398,0.49804980498,0.296036126443,0.0741758241758,0.642911105515
0.265296803653,0.151919866444,0.618690654673,0.151757188498,0.369565217391,0.824182418242,0.49849473156,0.0741758241758,0.669604633594
0.46803652968,0,0,0.568690095847,0,0.501050105011,0.546914199699,0.0741758241758,0.317300428104
0.474885844749,0,0,0.560702875399,0,0.510051005101,0.643753135976,0.00549450549451,0.0949383026945
0.335844748858,0,0.493753123438,0.289936102236,0.39751552795,0.560456045605,0.740090316106,0.151098901099,0.499874087132
0.563926940639,0,0,0.560702875399,0,0.765076507651,0.539387857501,0.244505494505,0.482624024175
0.0753424657534,0,0.829585207396,0.464856230032,0.310559006211,0.4800480048,0.529352734571,0.0741758241758,0.138000503651
0.251141552511,0,0.623688155922,0.297124600639,0.242236024845,0.853285328533,0.515554440542,0.0357142857143,0.365399143792
0.502283105023,0,0.579710144928,0.592651757188,0.310559006211,0.0510051005101,0.549422980432,0.0741758241758,0.363258625031
0.341095890411,0,0.591204397801,0.532747603834,0.198757763975,0.682268226823,0.410687405921,0.151098901099,0.432007051121
0.257762557078,0.149693934335,0.609195402299,0.269968051118,0.298136645963,0.6399639964,0.468138484696,0.0741758241758,0.627927474188
0.163242009132,0.139398998331,0.867066466767,0.343450479233,0.201863354037,0.615661566157,0.500501756147,0.0357142857143,0.386300679929
0.202511415525,0,0.626686656672,0.321884984026,0.242236024845,0.867086708671,0.526843953838,0.271978021978,0.481490808361
0.637899543379,0,0,0.510383386581,0,0.910891089109,0.477420973407,0.0741758241758,0.253840342483
0.36301369863,0.278241513634,0.389805097451,0.632587859425,0.27950310559,0.18901890189,0.418966382338,0.0741758241758,0.378619994963
0.143835616438,0,0.71764117941,0.335463258786,0,0.613861386139,0.769944806824,0.0741758241758,0.30055401662
0.341095890411,0,0.591204397801,0.567891373802,0.180124223602,0.727872787279,0.40215755143,0.0741758241758,0.389574414505
0.116438356164,0.283806343907,0,0.560702875399,0,0.26102610261,0.875815353738,0.0164835164835,0.0760513724503
0.482420091324,0.729549248748,0,0.428913738019,0.267080745342,0.737773777378,0.0446562970396,0.151098901099,0.787836816923
0.49497716895,0.591263216472,0,0.270766773163,0.444099378882,0.153315331533,0.718514801806,0.151098901099,0.802946361118
0.228310502283,0.0306065664997,0.704647676162,0.672523961661,0.0527950310559,0.42304230423,0.519317611641,0.0164835164835,0.160412994208
0.101598173516,0.318864774624,0.446276861569,0.639776357827,0.273291925466,0.17701770177,0.590817862519,0.0741758241758,0.222362125409
0.49497716895,0.591263216472,0,0.270766773163,0.444099378882,0.153315331533,0.718514801806,0.00549450549451,0.287962729791
0.633561643836,0.420701168614,0,0.256389776358,0.493788819876,1,0.0275965880582,0.247252747253,0.682070007555
0.360502283105,0.279910962716,0.391804097951,0.389776357827,0.32298136646,0.404140414041,0.42373306573,0.0741758241758,0.597330647192
0.86301369863,0,0,0.560702875399,0,0.40504050405,0.318615153036,0.00549450549451,0.277763787459
0.111872146119,0,0.919540229885,0.361022364217,0.372670807453,0.570057005701,0.446562970396,0.0741758241758,0.166708637623
0.684474885845,0.263494713411,0,0.20447284345,0.354037267081,0.437443744374,0.647516307075,0.0164835164835,0.651850919164
0.650684931507,0.0556483027268,0.469765117441,0.281150159744,0.360248447205,0.41104110411,0.629703963874,0.151098901099,0.744522790229
0.481735159817,0,0,0.448881789137,0.248447204969,0.597059705971,0.572002007025,0.0741758241758,0.286703601108
0.399543378995,0,0,0.552715654952,0,0.501050105011,0.657300551932,0.0741758241758,0.29765802065
0.3899543379,0.5061213133,0,0.510383386581,0,0.634263426343,0.301806322127,0.0741758241758,0.365776882397
0.522831050228,0,0,0.560702875399,0,0.531053105311,0.579528349222,0.0164835164835,0.175396625535
0.149315068493,0.36143572621,0.64267866067,0.428913738019,0.242236024845,0.61596159616,0.382839939789,0.00549450549451,0.15877612692
0.430136986301,0,0.48075962019,0.369808306709,0.291925465839,0.480648064806,0.679879578525,0.0357142857143,0.407202216066
0.640410958904,0,0,0.510383386581,0,0.740474047405,0.364525840442,0.0164835164835,0.273734575674
0.111187214612,0,0.926036981509,0.358626198083,0.484472049689,0.820582058206,0.210737581535,0.0741758241758,0.140141022412
0.18698630137,0.341124095715,0,0.652555910543,0,0.474647464746,0.516808830908,0.0741758241758,0.273482749937
0.305936073059,0.436839176405,0,0.560702875399,0,0.514851485149,0.389111891621,0.0164835164835,0.227776378746
0.684474885845,0.263494713411,0,0.20447284345,0.354037267081,0.437443744374,0.647516307075,0.00549450549451,0.48816419038
0.0990867579909,0,0.894052973513,0.638178913738,0.242236024845,0.0690069006901,0.689162067235,0.0741758241758,0.10337446487
0.965753424658,0,0,0.536741214058,0,0.972097209721,0.0476668339187,0.0741758241758,0.67501888693
0.0858447488584,0.582637729549,0,0.560702875399,0,0.738073807381,0.534119417963,0.491758241758,0.52732309242
0.310730593607,0,0,0.510383386581,0,0.953495349535,0.48996487707,0.0164835164835,0.100856207504
0.143835616438,0,0.71764117941,0.335463258786,0,0.613861386139,0.769944806824,0.271978021978,0.448627549736
0.566210045662,0,0,0.648562300319,0,0.519051905191,0.454089312594,0.491758241758,0.382649206749
